city_name,city_country_code,city_id,city_lat,city_lng,city_max_temp,city_humidity,city_cloud_cover,city_wind_speed,record_dt
Punta Arenas,CL,3874787,-53.16,-70.91,39.2,100,40,28.86,1524272400
Ushuaia,AR,3833367,-54.81,-68.31,41.0,86,40,6.93,1524272400
Port Elizabeth,ZA,964420,-33.92,25.57,51.8,93,0,4.7,1524272940
Port Alfred,ZA,964432,-33.59,26.89,62.14,100,0,5.5,1524276891
Busselton,AU,2075265,-33.64,115.35,69.07,98,64,17.2,1524276892
East London,ZA,1006984,-33.02,27.91,71.05,100,0,10.94,1524276892
Hermanus,ZA,3366880,-34.42,19.24,41.53,94,0,2.33,1524276892
Bluff,NZ,2206939,-46.6,168.33,51.52,100,80,28.27,1524276892
Albany,AU,2077963,-35.02,117.88,71.77,66,20,13.67,1524276892
Bredasdorp,ZA,1015776,-34.53,20.04,50.0,87,0,4.7,1524272400
Vaini,TO,4032243,-21.2,-175.2,80.6,88,90,5.82,1524276000
Rikitea,PF,4030556,-23.12,-134.97,79.15,100,92,10.6,1524276893
New Norfolk,AU,2155415,-42.78,147.06,64.4,55,0,3.36,1524276000
Hobart,AU,2163355,-42.88,147.33,64.4,55,0,3.36,1524276000
Kruisfontein,ZA,986717,-34.0,24.73,56.74,95,0,7.07,1524276894
Kaitangata,NZ,2208248,-46.28,169.85,46.48,96,88,22.24,1524276894
Cape Town,ZA,3369157,-33.93,18.42,48.2,100,20,3.36,1524272400
Avarua,CK,4035715,-21.21,-159.78,78.34,100,8,11.39,1524276894
Saint-Philippe,RE,935215,-21.36,55.77,78.8,78,90,5.82,1524274200
Mar del Plata,AR,3863379,-46.43,-67.52,55.84,60,0,17.87,1524276894
Chuy,UY,3443061,-33.69,-53.46,69.34,92,88,8.37,1524276895
Souillac,MU,933995,-20.52,57.52,78.8,83,75,14.99,1524272400
Tuatapere,NZ,2180815,-46.13,167.69,47.92,100,92,22.62,1524276895
Cidreira,BR,3466165,-30.17,-50.22,69.97,88,48,6.02,1524276895
Dunedin,NZ,2191562,-45.87,170.5,51.52,60,48,19.33,1524276622
Portland,AU,2152668,-33.35,149.98,64.75,78,20,2.82,1524276896
Castro,CL,3896218,-42.48,-73.76,53.32,98,92,7.92,1524276896
Plettenberg Bay,ZA,964712,-34.05,23.37,57.64,100,0,1.7,1524276896
Rocha,UY,3440777,-34.48,-54.34,66.55,95,68,5.23,1524276896
Arraial do Cabo,BR,3471451,-22.97,-42.02,71.68,97,20,7.85,1524276896
Jamestown,SH,3370903,-15.94,-5.72,75.91,100,92,13.11,1524276896
Mahebourg,MU,934322,-20.41,57.7,78.8,83,75,14.99,1524272400
Esperance,AU,2071860,-33.86,121.89,78.88,42,0,4.5,1524276897
Mount Gambier,AU,2156643,-37.83,140.78,70.42,84,0,3.04,1524276897
Rio Gallegos,AR,3838859,-51.62,-69.22,39.2,55,0,20.8,1524272400
Rawson,AR,3839307,-43.3,-65.11,63.04,30,0,9.15,1524276898
Coihaique,CL,3894426,-45.58,-72.07,42.8,93,20,2.24,1524272400
Port Lincoln,AU,2063036,-34.72,135.86,72.22,77,0,5.12,1524276898
Necochea,AR,3430443,-38.55,-58.74,65.65,96,88,3.04,1524276898
Christchurch,NZ,2192362,-43.53,172.64,60.34,70,92,10.65,1524276656
Wyndham,NZ,2178933,-46.33,168.85,45.31,100,92,18.54,1524276898
Waipawa,NZ,2185329,-39.94,176.59,63.04,58,8,21.45,1524276899
Saldanha,ZA,3361934,-33.01,17.94,53.14,93,0,4.61,1524276899
Viedma,AR,3832899,-40.81,-62.99,61.96,40,0,7.36,1524276899
Te Anau,NZ,2181625,-45.41,167.72,43.33,98,92,7.29,1524276899
Waitati,NZ,2179825,-45.75,170.57,51.52,60,48,19.33,1524276899
Ancud,CL,3899695,-41.87,-73.83,54.67,93,56,7.25,1524276900
Bambous Virieux,MU,1106677,-20.34,57.76,78.8,83,75,14.99,1524272400
San Carlos de Bariloche,AR,7647007,-41.13,-71.31,51.8,81,40,18.34,1524272400
Rio Grande,BR,3451138,-32.03,-52.1,70.87,99,92,7.52,1524276900
Hokitika,NZ,2206894,-42.72,170.96,55.66,100,92,21.9,1524276961
Wellington,NZ,2179537,-41.29,174.78,64.12,82,0,23.13,1524276858
Wanaka,NZ,2184707,-44.7,169.14,48.82,48,64,8.08,1524276961
Batemans Bay,AU,2176639,-35.71,150.18,65.29,91,56,3.11,1524276961
General Roca,AR,3855065,-39.03,-67.58,68.0,45,0,4.7,1524272400
Opunake,NZ,2206357,-39.45,173.86,61.24,96,80,22.35,1524276961
Valdivia,CL,3868707,-39.81,-73.25,57.2,100,75,2.24,1524272400
Manaia,NZ,2187826,-39.55,174.12,61.24,96,80,22.35,1524276962
Neuquen,AR,3843123,-38.95,-68.06,68.0,45,0,4.7,1524272400
Westport,NZ,2206900,-41.75,171.6,52.69,100,92,5.84,1524276962
Ulladulla,AU,2145554,-35.36,150.48,62.6,100,90,5.39,1524272400
Gisborne,NZ,2206854,-38.66,178.02,67.99,61,24,18.1,1524276882
Lebu,CL,3883457,-37.62,-73.65,57.64,93,92,8.3,1524276963
Crib Point,AU,2169995,-38.35,145.2,63.85,99,64,3.78,1524276963
Sale,AU,2150615,-38.11,147.06,66.37,80,12,3.49,1524276963
Santa Rosa,AR,3835994,-36.62,-64.29,65.47,85,0,8.14,1524276963
Opotiki,NZ,2208332,-38.01,177.29,64.57,100,56,20.6,1524276964
Knysna,ZA,988698,-34.04,23.05,50.0,100,0,3.36,1524272400
Stawell,AU,2148431,-37.06,142.77,69.34,72,92,4.12,1524276964
Victor Harbor,AU,2059470,-35.55,138.62,84.2,30,0,13.87,1524276000
Margate,ZA,978895,-30.86,30.37,68.62,99,68,10.6,1524276964
Cooma,AU,2170577,-36.24,149.13,60.61,96,24,3.33,1524276965
Dargaville,NZ,2191911,-35.94,173.86,66.19,74,92,15.57,1524276965
Kiama,AU,2161515,-34.67,150.86,62.6,100,90,3.49,1524272400
Flinders,AU,6255012,-34.58,150.85,62.6,100,90,3.49,1524272400
Ahipara,NZ,2194098,-35.17,173.16,63.58,94,92,12.84,1524276965
Tairua,NZ,2182010,-37.02,175.85,65.65,69,64,10.09,1524276965
Veinticinco de Mayo,AR,3427537,-27.38,-54.75,70.24,92,8,2.21,1524276966
Lincoln,AR,3846864,-34.87,-61.53,68.8,96,88,3.49,1524276966
Constitucion,CL,3893726,-35.33,-72.42,54.58,95,0,8.52,1524276966
Nelson Bay,AU,2155562,-32.72,152.14,71.6,64,40,14.99,1524276000
Geraldton,AU,2070998,-28.77,114.6,71.6,49,80,3.36,1524274200
Port Macquarie,AU,2152659,-31.43,152.91,68.0,88,90,5.82,1524276000
Chimbarongo,CL,3895061,-34.71,-71.04,55.4,87,0,0.87,1524272400
Collie,AU,2074113,-33.36,116.15,62.32,96,100,10.6,1524276968
Russell,NZ,2188874,-35.26,174.12,63.94,78,76,12.62,1524276971
Sao Joao da Barra,BR,3448903,-21.64,-41.05,77.35,99,0,11.32,1524276730
Ambovombe,MG,1079048,-25.18,46.09,67.0,100,32,3.6,1524276972
Richards Bay,ZA,962367,-28.77,32.06,63.67,98,24,4.12,1524276972
Luderitz,NA,3355672,-26.65,15.16,56.11,90,0,6.91,1524276972
Broken Hill,AU,2173911,-31.97,141.45,79.87,38,20,7.25,1524276972
Talcahuano,CL,3870282,-36.72,-73.12,55.4,100,40,1.12,1524274680
Raymond Terrace,AU,2205631,-32.76,151.75,71.6,64,40,14.99,1524276000
Oranjemund,NA,3354071,-28.55,16.43,59.8,100,0,6.29,1524276973
Beloha,MG,1067565,-25.17,45.06,65.38,88,48,2.37,1524276973
Rosario,AR,3838583,-32.96,-60.66,68.0,94,92,4.79,1524272400
Noumea,NC,2139521,-22.28,166.46,84.2,58,75,13.87,1524276000
Dubbo,AU,2168305,-32.25,148.6,78.8,41,0,8.05,1524276000
Kaeo,NZ,2189343,-35.1,173.78,63.94,78,76,12.62,1524276974
Cangucu,BR,3467512,-31.39,-52.68,66.91,97,92,7.36,1524276974
Port Shepstone,ZA,964406,-30.74,30.45,68.62,99,68,10.6,1524276974
Pinheiro Machado,BR,3453741,-31.58,-53.38,66.55,97,88,8.08,1524277035
Calvinia,ZA,3369174,-31.47,19.78,40.54,73,0,2.71,1524277035
De Aar,ZA,1011632,-30.65,24.01,35.32,71,0,2.77,1524277035
Sao Lourenco do Sul,BR,3448596,-31.37,-51.98,68.08,98,88,6.91,1524277035
Ballina,AU,2177069,-28.87,153.57,68.98,100,92,6.29,1524277035
Ovalle,CL,3877918,-30.6,-71.2,55.84,95,0,2.89,1524277036
Saint-Joseph,RE,6690296,-21.37,55.62,78.8,78,90,5.82,1524274200
Northam,AU,2064550,-31.65,116.67,75.2,41,32,9.17,1524276000
San Francisco,AR,3837675,-31.43,-62.08,71.95,97,36,5.91,1524277036
Salto,UY,3440714,-31.39,-57.96,68.53,94,12,2.71,1524277036
Cordoba,AR,3846616,-27.78,-67.24,49.09,88,24,1.7,1524277037
Port Augusta,AU,2063056,-32.49,137.76,82.4,39,12,8.05,1524276000
Armidale,AU,2177671,-30.51,151.67,62.32,83,44,7.85,1524277037
Inhambane,MZ,1045114,-23.87,35.38,71.05,100,48,7.52,1524277037
Coquimbo,CL,3893629,-29.95,-71.34,57.2,87,90,5.91,1524272400
Vila Velha,BR,6320062,-3.71,-38.6,78.8,78,40,9.17,1524276000
Taquari,BR,3446783,-29.79,-51.87,67.54,96,56,4.72,1524277038
Ritchie,ZA,961226,-29.03,24.6,48.2,81,0,2.89,1524272400
Moree,AU,2156927,-29.46,149.84,75.91,71,0,5.12,1524277038
Reconquista,AR,3429594,-29.14,-59.64,72.58,94,36,6.8,1524277038
Carnarvon,AU,2074865,-24.87,113.63,79.78,73,0,7.92,1524277039
Byron Bay,AU,2172880,-28.65,153.62,78.8,57,40,14.99,1524276000
Brisbane,AU,2174003,-27.47,153.02,75.2,64,75,11.41,1524276000
Warmbad,NA,3352263,-28.45,18.73,47.83,74,0,3.6,1524277039
Panambi,BR,3455281,-28.29,-53.5,66.55,89,8,4.34,1524276844
Santiago del Estero,AR,3835869,-27.8,-64.26,76.36,75,12,3.71,1524276974
Soledade,BR,3387258,-7.06,-36.37,71.95,82,8,8.41,1524277040
La Rioja,AR,3848950,-29.41,-66.86,71.95,67,12,5.06,1524276949
Alice Springs,AU,2077895,-23.7,133.88,87.8,14,0,9.17,1524276000
Kathu,ZA,991664,-27.7,23.05,44.05,66,0,2.89,1524277040
Pirapo,PY,3437514,-26.85,-55.53,72.22,90,32,1.48,1524277040
Puerto Ayora,EC,3652764,-0.74,-90.35,76.81,97,0,9.75,1524277041
Taltal,CL,3870243,-25.41,-70.49,57.37,96,8,2.33,1524277041
Heidelberg,ZA,997151,-26.5,28.36,51.8,100,32,4.9,1524272400
Gold Coast,AU,2165087,-28.0,153.41,78.8,57,40,14.99,1524276000
Nsoko,SZ,934900,-27.03,31.95,62.6,93,68,11.41,1524272400
Vryburg,ZA,942511,-26.96,24.73,45.22,70,0,2.89,1524277042
Rio do Sul,BR,3451152,-27.22,-49.64,61.42,95,12,2.04,1524277042
Palmas,BR,3474574,-10.18,-48.33,78.8,88,0,5.82,1524272400
Vao,NC,2137773,-22.67,167.48,75.82,100,48,16.35,1524277042
Manzini,SZ,934995,-26.5,31.37,62.6,93,92,11.41,1524272400
Tsabong,BW,932987,-26.02,22.4,54.22,50,0,2.82,1524277043
Siteki,SZ,934851,-26.45,31.95,62.6,93,68,11.41,1524272400
Yulara,AU,6355222,-25.24,130.99,87.8,18,32,3.36,1524276000
Moindou,NC,2140466,-21.69,165.68,84.2,58,75,13.87,1524276000
Pouembout,NC,2138592,-21.12,164.9,76.81,76,88,4.27,1524277044
Keetmanshoop,NA,3356264,-26.57,18.15,68.0,32,0,2.89,1524272400
Pisco,PE,3932145,-13.71,-76.2,69.8,77,0,5.82,1524272400
Coolum Beach,AU,2170581,-26.53,153.09,65.65,100,92,4.38,1524277044
Walvis Bay,NA,3359638,-22.95,14.51,53.6,87,0,1.12,1524272400
Maputo,MZ,1040652,-25.97,32.57,67.18,91,44,2.59,1524277105
Mariental,NA,3355595,-24.63,17.97,68.0,45,0,2.24,1524272400
Pitanga,BR,3453478,-24.76,-51.76,61.96,88,20,2.04,1524276810
Biloela,AU,2175819,-24.4,150.51,77.62,63,32,5.35,1524277105
Salta,AR,3838233,-24.79,-65.41,69.8,88,20,3.36,1524272400
Maltahohe,NA,3355624,-24.83,16.98,42.34,78,0,2.77,1524277105
San Pedro,AR,3428576,-33.68,-59.66,70.15,94,92,6.06,1524277106
Vangaindrano,MG,1054329,-23.35,47.6,63.94,96,12,2.26,1524277106
Antofagasta,CL,3899539,-23.65,-70.4,60.8,82,20,6.93,1524272400
Hervey Bay,AU,2146219,-25.3,152.85,74.29,100,44,9.6,1524277106
Aranos,NA,3358666,-24.14,19.11,52.33,48,0,4.9,1524277106
Emerald,AU,2167426,-23.53,148.16,81.67,54,12,6.29,1524277107
Macia,MZ,1024701,-25.03,33.09,67.9,96,80,3.78,1524277107
Mount Isa,AU,2065594,-20.73,139.49,91.4,27,0,6.93,1524276000
Gladstone,AU,2165478,-23.84,151.26,77.17,77,76,9.53,1524277107
Mochudi,BW,933340,-24.38,26.15,57.2,76,0,5.82,1524272400
Isangel,VU,2136825,-19.55,169.27,82.4,83,75,8.05,1524276000
Phalaborwa,ZA,965528,-23.95,31.14,66.46,95,88,3.83,1524277108
Saint-Louis,RE,6690298,-21.27,55.42,78.8,78,90,5.82,1524274200
San Ramon de la Nueva Oran,AR,3836620,-23.13,-64.33,75.55,76,36,2.59,1524277108
Libertador General San Martin,AR,3846915,-23.81,-64.79,69.8,88,40,1.48,1524272400
Blackwater,AU,2175403,-23.58,148.88,80.95,51,0,5.39,1524277109
Louis Trichardt,ZA,981827,-23.04,29.91,60.16,95,24,2.71,1524277109
Amambai,BR,3472391,-23.11,-55.23,72.31,87,32,2.89,1524277109
Port Hedland,AU,2063042,-20.31,118.58,93.2,46,0,3.36,1524276000
Sao Jose dos Campos,BR,3448636,-23.18,-45.89,62.6,88,0,3.36,1524272400
Taquarituba,BR,3446752,-23.53,-49.25,65.47,76,44,10.04,1524277110
Manyana,BW,933018,-24.78,25.59,57.2,76,0,5.82,1524272400
Mokobeng,BW,933313,-23.0,27.67,63.04,85,0,10.76,1524277110
Tadine,NC,2138285,-21.55,167.88,78.79,94,68,16.08,1524277110
Broome,AU,2075720,-17.97,122.23,89.6,62,0,12.75,1524276000
Ponta Pora,BR,3453150,-22.54,-55.73,67.72,93,12,2.37,1524277111
Georgetown,SH,2411397,-7.93,-14.42,78.88,100,0,6.35,1524277111
Manakara,MG,1061605,-22.14,48.01,70.96,100,44,1.54,1524277111
Saint-Pierre,RE,935214,-21.34,55.48,78.8,78,90,5.82,1524274200
Sakaraha,MG,1057095,-22.91,44.53,55.39,89,0,2.26,1524277112
Santa Cruz do Rio Pardo,BR,3450272,-22.91,-49.63,64.75,72,24,8.08,1524277112
Windhoek,NA,3352136,-22.57,17.08,59.0,70,0,5.82,1524272400
Moerai,PF,4034188,-22.43,-151.33,78.25,100,92,14.9,1524277112
Alofi,NU,4036284,-19.06,-169.92,79.87,100,92,19.15,1524277112
Roebourne,AU,2062276,-20.77,117.15,97.24,19,0,4.61,1524277112
Karratha,AU,6620339,-20.74,116.85,97.24,19,0,4.61,1524277113
Voh,NC,2137748,-20.95,164.69,77.35,100,12,10.76,1524277113
Gobabis,NA,3357247,-22.45,18.97,52.15,47,0,9.86,1524277113
Quelimane,MZ,1028434,-17.88,36.89,67.27,89,0,3.04,1524277113
Caravelas,BR,3466980,-17.73,-39.27,77.8,100,0,10.09,1524277114
Beitbridge,ZW,895269,-22.22,30.0,66.64,87,32,8.03,1524277114
Henties Bay,NA,3356832,-22.12,14.28,61.24,100,32,5.28,1524277114
Filadelfia,PY,3867291,-22.35,-60.04,78.79,72,0,9.86,1524277174
Calama,CL,3897347,-22.46,-68.93,59.0,51,0,11.41,1524272400
Labuhan,ID,1641899,-2.54,115.51,84.64,78,44,0.98,1524277175
Charters Towers,AU,2171722,-20.07,146.27,76.27,100,0,6.35,1524277175
Ankazoabo,MG,1072879,-22.29,44.51,61.15,98,0,3.22,1524277175
Uyuni,BO,3901903,-20.46,-66.82,30.19,82,0,2.89,1524277175
Guarapari,BR,3461888,-20.67,-40.5,69.8,100,20,3.36,1524272400
Koumac,NC,2140558,-20.56,164.28,75.91,94,32,5.5,1524277176
Mananjary,MG,1056151,-19.16,46.8,53.59,92,0,3.38,1524277176
Guaxupe,BR,3461763,-21.31,-46.71,57.19,76,12,2.71,1524277176
Outjo,NA,3353715,-20.11,16.16,64.4,45,0,3.36,1524272400
Mayor Pablo Lagerenza,PY,3867427,-19.93,-60.77,78.34,70,20,9.6,1524277177
Poum,NC,2138555,-20.23,164.02,76.45,100,12,8.63,1524277177
Le Port,RE,935616,-20.94,55.29,78.8,74,56,6.93,1524274200
Namibe,AO,3347019,-15.19,12.15,78.34,100,0,5.35,1524277177
Tautira,PF,4033557,-17.73,-149.15,86.0,66,20,13.87,1524276000
Bowen,AU,2174444,-20.01,148.25,80.6,61,0,12.75,1524272400
Hithadhoo,MV,1282256,-0.6,73.08,81.94,100,68,19.37,1524277152
Sehithwa,BW,933109,-20.47,22.7,65.47,62,32,5.01,1524277178
Iquique,CL,3887127,-20.22,-70.14,69.8,64,0,8.05,1524272400
Monteagudo,BO,3910094,-19.8,-63.96,60.43,97,76,1.59,1524277178
Bulawayo,ZW,894701,-20.16,28.59,56.47,96,76,5.79,1524277179
Cap Malheureux,MU,934649,-19.98,57.61,78.8,83,75,14.99,1524272400
Pangai,TO,4032369,-19.8,-174.35,78.8,94,90,13.62,1524276000
Fayaoue,NC,2141305,-20.65,166.53,79.24,100,24,16.08,1524277179
Linhares,BR,3458498,-19.38,-40.06,64.66,89,36,3.27,1524277179
Sabinopolis,BR,3450806,-18.67,-43.08,57.91,92,36,2.55,1524277180
Mackay,AU,2159220,-21.15,149.2,80.6,69,40,13.87,1524272400
Maceio,BR,3395981,-9.67,-35.74,73.4,94,0,2.24,1524276000
Rio Verde de Mato Grosso,BR,3451051,-18.92,-54.84,71.41,88,56,3.22,1524277180
Saint-Denis,RE,6690295,-20.87,55.47,78.8,74,56,6.93,1524274200
Kununurra,AU,2068110,-15.77,128.74,93.2,41,0,4.7,1524276000
Rundu,NA,3353383,-17.91,19.77,57.91,60,8,2.82,1524277181
San Jose,BO,3904666,-17.94,-63.35,75.2,88,20,4.7,1524272400
Quatre Cocos,MU,1106643,-20.21,57.76,78.8,83,75,14.99,1524272400
Centralina,BR,3466462,-18.58,-49.2,69.97,86,24,5.79,1524277073
Manica,MZ,882955,-18.94,32.88,66.2,100,40,2.48,1524272400
Santa Helena de Goias,BR,3450206,-17.81,-50.6,71.59,83,32,5.79,1524277182
Patacamaya,BO,3908339,-17.23,-67.92,31.72,85,0,4.05,1524277182
Hualmay,PE,3939761,-11.1,-77.61,61.42,96,8,3.83,1524277183
Neiafu,TO,4032420,-18.65,-173.98,82.4,83,75,5.82,1524276000
Teofilo Otoni,BR,3446621,-17.86,-41.51,64.12,84,8,6.06,1524277183
Opuwo,NA,3354077,-18.06,13.84,55.84,79,0,3.49,1524277183
Atherton,AU,2177541,-17.27,145.48,84.2,54,20,18.34,1524276000
Tsiroanomandidy,MG,1054463,-18.77,46.05,55.75,93,0,2.71,1524277183
Sesheke,ZM,898905,-17.48,24.3,64.12,67,32,2.21,1524277184
Ondjiva,AO,3346821,-17.07,15.73,60.34,68,20,2.89,1524277184
Eenhana,NA,3357804,-17.48,16.34,60.97,61,24,2.82,1524277184
Belmonte,BR,3448454,-26.84,-53.58,68.62,90,64,3.71,1524277184
Atuona,PF,4020109,-9.8,-139.03,81.49,100,64,18.1,1524277138
Puerto Quijarro,BO,3465342,-19.0,-57.72,72.22,95,12,2.48,1524277245
Moquegua,PE,3934608,-17.19,-70.93,52.33,87,0,2.21,1524277245
Katherine,AU,2068655,-14.47,132.26,93.2,34,0,12.75,1524276000
Mount Darwin,ZW,885800,-16.77,31.58,65.56,80,0,6.06,1524277245
Rondonopolis,BR,3450909,-16.46,-54.64,72.13,85,44,1.32,1524277246
Faanui,PF,4034551,-16.48,-151.75,81.13,100,88,7.29,1524277246
Francisco Sa,BR,3462975,-16.48,-43.49,65.65,80,20,7.4,1524277246
Guiratinga,BR,3461733,-16.35,-53.76,71.41,85,24,2.55,1524277246
Grand Gaube,MU,934479,-20.01,57.66,78.8,83,75,14.99,1524272400
Tiarei,PF,4033356,-17.53,-149.33,86.0,66,20,13.87,1524276000
Lima,PE,3936456,-12.06,-77.04,57.73,88,32,1.77,1524277076
Colomi,BO,3919813,-17.34,-65.87,64.4,42,44,6.93,1524272400
Alyangula,AU,2079582,-13.85,136.42,88.78,82,0,19.71,1524277247
Sao Joao da Ponte,BR,3448892,-15.93,-44.01,66.37,80,20,6.51,1524277247
Cairns,AU,2172797,-16.92,145.77,84.2,54,20,18.34,1524276000
Huarmey,PE,3939168,-10.07,-78.15,61.51,83,32,3.0,1524277248
Barra do Garcas,BR,3470709,-15.89,-52.26,72.85,78,92,3.33,1524277248
Banjar,ID,1650233,-7.37,108.54,84.01,76,12,3.71,1524277248
Guanay,BO,3911924,-15.5,-67.88,65.83,94,100,0.98,1524277249
Sola,VU,2134814,-13.88,167.55,83.11,89,8,6.51,1524277249
Lubango,AO,3347762,-14.92,13.49,57.01,88,8,2.33,1524277249
Phalombe,MW,924206,-15.81,35.65,59.71,95,0,2.59,1524277250
Itapaci,BR,3460773,-14.95,-49.55,70.42,77,32,2.55,1524277250
Fare,PF,4034496,-16.7,-151.02,80.14,100,92,11.1,1524277244
Porteirinha,BR,3452956,-15.74,-43.03,70.69,70,8,6.24,1524277250
Samarai,PG,2132606,-10.62,150.67,83.74,100,48,10.76,1524277149
Mahina,PF,4034307,-17.51,-149.49,86.0,66,20,13.87,1524276000
Orcopampa,PE,3933986,-15.27,-72.34,28.48,91,20,0.81,1524277251
Kalabo,ZM,915471,-15.0,22.67,62.05,64,0,4.9,1524277251
Antalaha,MG,1071296,-14.9,50.28,74.65,100,92,6.58,1524277251
Limulunga,ZM,910361,-15.13,23.15,62.5,61,12,5.28,1524277251
Pontes e Lacerda,BR,3453060,-15.23,-59.33,69.16,90,0,5.57,1524277252
Arenapolis,BR,3471551,-14.45,-56.85,72.31,90,24,2.89,1524277252
Cuamba,MZ,1047660,-14.8,36.54,63.94,97,88,5.28,1524277221
Mangochi,MW,927246,-14.48,35.26,65.74,99,32,3.71,1524277252
Andapa,MG,1076454,-14.66,49.65,69.97,98,76,2.21,1524277252
Talavera,PE,3928043,-13.65,-73.43,39.1,91,20,1.59,1524277253
Cavalcante,BR,3466594,-13.79,-47.46,64.93,89,32,2.48,1524277253
Lukulu,ZM,909488,-14.38,23.24,59.26,59,12,5.73,1524277253
Chirongui,YT,1090415,-12.93,45.15,80.6,88,12,10.29,1524274200
Bambanglipuro,ID,1650434,-7.95,110.28,83.29,96,36,4.05,1524277247
Petauke,ZM,899825,-14.25,31.33,67.54,71,32,12.28,1524277253
Diamantino,BR,3464724,-14.4,-56.44,74.11,83,88,3.56,1524277254
Honiara,SB,2108502,-9.43,159.96,87.8,66,75,8.05,1524272400
Kirakira,SB,2178753,-10.46,161.92,81.22,100,56,9.26,1524277170
Ambilobe,MG,1082243,-13.19,49.05,71.05,93,8,3.04,1524277254
Sambava,MG,1056899,-14.27,50.17,76.72,100,88,11.83,1524277254
Tanhacu,BR,3446971,-14.02,-41.25,67.81,97,88,3.38,1524277315
Srandakan,ID,1626493,-7.94,110.25,83.29,96,36,4.05,1524277315
Caluquembe,AO,3351024,-13.78,14.68,50.08,71,0,2.59,1524277315
Kawalu,ID,1640902,-7.38,108.21,78.97,78,48,3.04,1524277315
Pemba,MZ,1028918,-12.97,40.52,81.31,100,24,18.7,1524277315
Kupang,ID,2057087,-10.16,123.6,86.53,86,8,15.41,1524277316
Palmerston,AU,6301965,-12.49,130.99,91.4,36,0,16.11,1524276000
Chicama,PE,3698359,-7.84,-79.15,68.0,77,0,8.05,1524272400
Mpika,ZM,905846,-11.84,31.4,58.27,83,20,6.24,1524277316
Nhulunbuy,AU,2064735,-12.18,136.78,87.8,58,75,14.99,1524276000
Fomboni,KM,921889,-12.28,43.74,83.92,100,32,15.86,1524277317
Conde,BR,3465713,-11.81,-37.61,74.02,100,100,5.35,1524277317
Kasempa,ZM,912628,-13.46,25.83,55.12,69,0,4.5,1524277317
Acoua,YT,922015,-12.72,45.06,80.6,88,0,9.17,1524276000
Montepuez,MZ,1037125,-13.13,39.0,68.53,87,0,8.03,1524277318
Solwezi,ZM,897045,-12.18,26.4,54.04,81,0,4.72,1524277318
Vilhena,BR,3924679,-12.74,-60.15,71.41,92,0,3.56,1524277318
Sao Jose da Coroa Grande,BR,3388456,-8.9,-35.15,75.55,100,64,3.83,1524277186
San Cristobal,EC,3652567,-1.02,-79.44,62.32,100,88,2.21,1524277318
Pangoa,PE,3933104,-12.12,-73.0,64.75,94,64,1.81,1524277319
Miguel Calmon,BR,3457202,-11.43,-40.6,68.62,98,92,9.15,1524277319
Luena,AO,3347719,-11.78,19.91,56.47,78,20,2.55,1524277319
Daru,PG,2098329,-9.07,143.21,80.5,100,88,17.09,1524277319
Praya,ID,1630662,-8.71,116.27,84.2,79,20,4.7,1524272400
Soe,ID,1626703,-9.86,124.28,83.02,68,0,4.0,1524277320
Pimenta Bueno,BR,3924908,-11.68,-61.19,73.39,93,0,2.04,1524277320
Tamandare,BR,3661980,-8.28,-70.75,74.11,91,68,2.77,1524277320
Likasi,CD,922741,-10.99,26.74,61.15,86,0,8.41,1524277320
Maningrida,AU,2067089,-12.05,134.23,89.5,64,0,14.34,1524277321
Sumbe,AO,3346015,-11.2,13.84,75.28,100,0,5.61,1524277321
Merauke,ID,2082539,-8.49,140.4,81.94,94,88,15.86,1524277321
Maragogi,BR,3395458,-9.01,-35.22,75.55,100,64,3.83,1524277321
Songea,TZ,877401,-10.68,35.65,58.09,91,48,1.99,1524277321
Victoria,SC,241131,-4.62,55.45,77.0,94,75,4.7,1524272400
Port Moresby,PG,2088122,-9.47,147.16,86.0,70,40,17.22,1524272400
Jacobina,BR,3460344,-11.19,-40.51,68.62,98,92,9.15,1524277322
Lubumbashi,CD,922704,-11.66,27.48,56.2,78,0,4.34,1524277322
Alta Floresta,BR,6316343,-9.87,-56.08,75.91,88,32,2.1,1524277322
Mwinilunga,ZM,902620,-11.73,24.43,55.84,82,0,2.48,1524277323
Gilbues,BR,3398931,-9.83,-45.34,81.94,43,36,8.63,1524277323
Njombe,TZ,151479,-9.34,34.77,62.05,96,88,2.77,1524277323
Atambua,ID,1651103,-9.11,124.89,85.63,94,0,5.5,1524277323
Olinda,BR,3456160,-22.82,-43.41,75.2,73,20,4.7,1524272400
Koungou,YT,1090225,-12.73,45.2,80.6,88,0,9.17,1524276000
Quebrangulo,BR,3391090,-9.32,-36.47,70.69,96,44,3.83,1524277324
Kambove,CD,923058,-10.88,26.6,56.92,79,0,4.5,1524277324
Tunduma,TZ,149402,-9.3,32.77,57.37,92,44,3.27,1524277384
Llata,PE,3695320,-9.55,-76.82,34.51,88,8,2.37,1524277385
Bom Jesus,BR,3385228,-5.99,-35.58,77.0,88,0,3.36,1524272400
Mbekenyera,TZ,878006,-10.0,38.98,66.82,98,44,2.26,1524277385
Mpulungu,ZM,175961,-8.77,31.12,57.1,96,20,4.61,1524277385
Mporokoso,ZM,175967,-9.37,30.12,61.15,92,0,6.58,1524277386
Mitsamiouli,KM,921786,-11.38,43.28,81.31,100,8,10.76,1524277386
Padang,ID,1633419,-0.92,100.36,81.67,100,0,3.71,1524277278
Conceicao do Araguaia,BR,3401845,-8.26,-49.26,75.64,89,32,3.38,1524277386
Paita,PE,3694112,-5.09,-81.11,70.78,77,0,5.35,1524277387
Caxito,AO,2242001,-8.58,13.66,78.8,88,40,3.36,1524276000
Igurusi,TZ,159380,-8.83,33.85,55.48,97,44,2.37,1524277387
Auki,SB,2109701,-8.77,160.7,80.23,100,68,2.71,1524277387
Pucallpa,PE,3693345,-8.38,-74.54,80.6,83,40,5.82,1524272400
Pitimbu,BR,3391889,-7.47,-34.81,75.2,88,0,3.36,1524272400
Manoel Urbano,BR,3663495,-8.84,-69.26,75.37,96,68,2.1,1524277388
Hambantota,LK,1244926,6.12,81.12,80.77,100,24,7.07,1524277261
Tual,ID,1623197,-5.67,132.75,82.21,100,44,5.84,1524277388
Manono,CD,209598,-7.3,27.4,71.14,88,44,2.77,1524277388
Kaputa,ZM,176758,-8.47,29.66,61.33,93,12,2.04,1524277389
Balsas,BR,3406545,-7.53,-46.04,86.26,43,8,11.32,1524277389
Ifakara,TZ,159492,-8.13,36.68,69.43,98,92,2.26,1524277389
Lucapa,AO,145724,-8.42,20.74,63.22,95,44,1.48,1524277390
Kerema,PG,2094144,-7.96,145.78,81.4,87,44,3.49,1524277390
Soyo,AO,2236967,-6.13,12.37,75.46,97,8,2.82,1524277390
Bangkalan,ID,1650298,-7.05,112.74,84.73,100,0,2.82,1524277390
Sousa,BR,3387202,-6.77,-38.23,70.15,91,0,3.22,1524277391
Izazi,TZ,158825,-7.24,35.72,59.35,96,12,2.89,1524277391
Mayumba,GA,2399001,-3.44,10.65,79.78,100,80,4.56,1524277391
Sumenep,ID,1626099,-7.02,113.87,84.91,100,0,5.06,1524277391
Gamba,GA,2400547,-2.72,10.02,80.59,100,80,6.29,1524277391
Sukabumi,ID,1626381,-6.92,106.93,82.21,86,36,3.78,1524277392
Eirunepe,BR,3664321,-6.66,-69.87,73.75,98,88,2.1,1524277206
Buala,SB,2109528,-8.15,159.59,82.39,100,56,3.71,1524277392
Pringsewu,ID,1630639,-5.36,104.98,83.83,86,20,3.0,1524277392
Kimbe,PG,2093967,-5.56,150.15,81.85,100,76,2.26,1524277393
Lasem,ID,8142546,-6.99,112.52,84.73,100,0,2.82,1524277393
Kananga,CD,214481,-5.9,22.41,70.15,97,48,2.48,1524277393
Cabedelo,BR,3404558,-6.97,-34.84,75.2,88,0,3.36,1524272400
Kundiawa,PG,2093059,-6.02,144.97,64.57,98,92,1.48,1524277393
Serra Branca,BR,3398105,-7.57,-40.23,77.53,61,36,9.82,1524277394
Jacareacanga,BR,3397763,-6.22,-57.76,73.93,97,12,2.04,1524277394
Chake Chake,TZ,160677,-5.25,39.77,80.23,100,32,10.16,1524277394
Jutai,BR,3388869,-1.71,-47.89,73.57,97,24,3.0,1524277394
Meulaboh,ID,1214488,4.14,96.13,80.95,100,68,3.56,1524277224
Kabalo,CD,215668,-6.05,26.92,68.44,97,12,2.82,1524277455
Katobu,ID,1640972,-4.94,122.53,86.17,87,76,2.33,1524277455
Lagoa Nova,BR,3396662,-6.09,-36.47,69.61,91,8,5.5,1524277455
Ambon,ID,1651531,-3.7,128.18,85.72,92,56,3.78,1524277217
Manicore,BR,3663503,-5.81,-61.3,74.74,92,32,1.81,1524277455
Talara,PE,3691582,-4.58,-81.27,70.78,77,0,5.35,1524277456
Acu,BR,3663524,-3.35,-60.45,77.0,88,20,6.29,1524276000
Touros,BR,3386213,-5.2,-35.46,77.89,94,68,9.75,1524277232
Tayu,ID,1624545,-6.54,111.05,82.3,100,68,3.83,1524277456
Tabou,CI,2281120,4.42,-7.36,83.29,96,44,11.65,1524277456
Kalianget,ID,1621395,-7.35,109.91,79.15,79,76,1.54,1524277457
Kinkala,CG,2258984,-4.35,14.75,75.2,83,20,2.24,1524276000
Paciran,ID,1633442,-6.9,112.33,84.82,95,0,1.99,1524277457
Novo Aripuana,BR,3663142,-5.12,-60.38,74.56,94,48,2.48,1524277457
Omboue,GA,2396853,-1.57,9.26,81.49,100,92,8.37,1524277457
Nabire,ID,1634614,-3.36,135.5,78.07,85,48,2.59,1524277458
Cabinda,AO,2243271,-5.56,12.19,80.32,100,80,5.73,1524277458
Altamira,BR,3407882,-3.2,-52.21,73.4,100,0,2.1,1524272400
Micheweni,TZ,153955,-4.97,39.83,80.95,100,20,13.18,1524277458
Puerto Narino,CO,3671387,-3.77,-70.38,73.4,100,75,3.11,1524276000
Itaituba,BR,3397967,-4.26,-55.99,74.65,97,24,2.21,1524277459
Natal,BR,3394023,-5.81,-35.21,77.0,88,0,3.36,1524272400
Magomeni,TZ,155321,-6.8,39.25,73.12,96,8,4.79,1524277459
Ndago,TZ,151872,-4.6,34.35,61.42,99,92,2.89,1524277459
Pangkalanbuun,ID,1632694,-2.68,111.62,73.66,100,92,3.6,1524277460
Kendari,ID,1640344,-3.99,122.52,84.64,79,80,3.71,1524277220
Lufilufi,WS,4035249,-13.87,-171.6,81.85,100,56,6.62,1524277460
Rabaul,PG,2087894,-4.2,152.17,78.43,100,88,5.73,1524277460
Kandrian,PG,2094746,-6.21,149.55,78.79,97,88,3.49,1524277460
Banjarmasin,ID,1650213,-3.32,114.59,86.17,87,12,2.77,1524277460
Gualaquiza,EC,3657661,-3.4,-78.58,60.52,99,64,2.1,1524277461
Axim,GH,2303611,4.87,-2.24,81.85,98,32,11.65,1524277217
Autazes,BR,3406948,-3.58,-59.13,76.0,90,36,3.71,1524277461
Vanimo,PG,2084442,-2.67,141.3,83.02,100,0,8.63,1524277461
Mogadishu,SO,53654,2.04,45.34,80.41,100,44,6.62,1524277461
Masumbwe,TZ,154654,-3.65,32.16,63.22,100,80,3.27,1524277462
Machala,EC,3654533,-3.26,-79.96,80.6,65,75,3.36,1524276000
Amahai,ID,1651591,-3.31,129.0,82.57,100,0,3.71,1524277462
Djambala,CG,2260401,-2.55,14.76,69.61,95,92,4.12,1524277462
Sao Joao Batista,BR,3397893,-3.13,-58.38,72.04,100,0,2.37,1524277463
Martapura,ID,1636022,-3.41,114.85,86.17,87,12,2.77,1524277463
Malindi,KE,187968,-3.22,40.12,80.41,88,64,9.53,1524277463
Sorong,ID,1626542,-0.86,131.25,83.65,100,8,5.39,1524277463
Manacapuru,BR,3663529,-3.3,-60.62,74.92,97,88,6.29,1524277463
Gitega,BI,426272,-3.43,29.93,57.64,93,24,3.0,1524277464
Mangai,CD,2313084,-4.07,19.59,71.41,100,76,2.77,1524277464
Santo Antonio do Ica,BR,3662395,-3.1,-67.94,74.56,99,92,3.78,1524277201
Manggar,ID,1636426,-2.88,108.27,86.71,91,20,3.83,1524277524
Tsogni,GA,2400547,-2.79,10.1,80.59,100,80,6.29,1524277524
Sampit,ID,1628884,-2.54,112.95,81.13,94,64,5.39,1524277525
Kindu,CD,212902,-2.95,25.92,69.34,100,88,2.77,1524277525
Portel,BR,3391412,-1.94,-50.82,75.64,96,64,3.83,1524277525
Aitape,PG,2101169,-3.15,142.36,84.91,89,48,6.8,1524277525
Ilebo,CD,215976,-4.33,20.59,70.6,98,32,2.55,1524277526
Barabai,ID,1650064,-2.59,115.38,86.71,77,32,2.82,1524277526
Aquiraz,BR,3407407,-3.9,-38.39,78.8,78,40,9.17,1524276000
San Patricio,MX,3985168,19.22,-104.7,80.6,83,40,5.82,1524275100
Macas,EC,3654541,-2.3,-78.12,60.79,91,24,1.7,1524277526
Kavieng,PG,2094342,-2.57,150.8,83.56,100,64,7.29,1524277527
Puerto Leguizamo,CO,3671437,-0.19,-74.78,75.46,92,48,2.77,1524277527
Jambi,ID,1642858,-1.6,103.62,81.22,96,88,3.78,1524277527
Konza,KE,190544,-1.74,37.13,62.6,93,75,1.12,1524276000
Maraa,BR,3663475,-1.83,-65.37,74.83,97,88,2.89,1524277528
Port-Gentil,GA,2396518,-0.72,8.78,80.05,100,88,5.79,1524277528
Sibolga,ID,1213855,1.74,98.78,77.98,88,0,2.59,1524277528
Witu,KE,178093,-2.39,40.44,79.6,83,92,4.72,1524277529
Amuntai,ID,1651461,-2.42,115.25,86.71,77,32,2.82,1524277529
Harper,LR,2276492,4.38,-7.71,83.11,97,88,11.05,1524277529
Takoradi,GH,2294915,4.89,-1.75,79.42,98,32,6.58,1524277502
Luwuk,ID,1637001,-0.95,122.79,83.2,92,36,2.48,1524277529
Kitui,KE,191038,-1.37,38.02,65.29,98,80,4.56,1524277529
Tondano,ID,1623424,1.3,124.91,87.8,62,20,2.24,1524272400
Ewo,CG,2260009,-0.88,14.81,67.36,99,92,7.4,1524277530
Butembo,CD,217562,0.12,29.29,61.24,97,44,2.55,1524277530
Solok,ID,1626649,-0.79,100.66,78.52,95,0,2.82,1524277530
Simpang,ID,6705237,4.36,96.17,80.95,100,68,3.56,1524277531
Mumford,GH,2297810,5.26,-0.76,78.25,93,0,7.52,1524277531
Mbandaka,CD,2312895,0.05,18.26,69.97,100,92,2.33,1524277531
Bahia de Caraquez,EC,3660401,-0.6,-80.42,78.8,83,75,6.93,1524276000
Boende,CD,218680,-0.28,20.88,71.23,98,88,2.55,1524277532
Namatanai,PG,2090021,-3.66,152.44,80.77,100,76,13.67,1524277524
Thinadhoo,MV,1337610,0.53,72.93,76.09,100,92,8.81,1524277532
Barcelos,BR,3665098,-0.97,-62.93,73.12,97,48,4.05,1524277532
Augusto Correa,BR,3406961,-1.02,-46.63,75.19,96,0,4.23,1524277532
Jilib,SO,56166,0.49,42.79,77.17,93,64,6.06,1524277532
Paracuru,BR,3393115,-3.41,-39.03,78.8,78,40,9.17,1524276000
Sao Gabriel da Cachoeira,BR,3662342,-0.13,-67.09,72.13,98,48,1.7,1524277533
Palu,ID,1633034,-0.9,119.87,77.89,64,76,1.25,1524277533
Itarema,BR,3393692,-2.92,-39.92,76.99,93,56,3.89,1524277533
Ixtapa,MX,4004293,20.71,-105.21,77.0,88,5,10.29,1524271680
Nyahururu,KE,183027,0.03,36.37,54.67,95,36,3.38,1524277534
Booue,GA,2401495,-0.09,11.94,72.49,100,92,1.21,1524277594
Biak,ID,1637001,-0.91,122.88,83.2,92,36,2.48,1524277595
Monrovia,LR,2274895,6.33,-10.8,77.0,94,36,5.82,1524276000
Impfondo,CG,2259655,1.64,18.07,73.39,95,80,1.77,1524277595
Afua,BR,3408269,-0.16,-50.39,78.16,100,8,6.91,1524277595
Kapit,MY,1737185,2.02,112.94,81.85,86,80,1.88,1524277595
Hobyo,SO,57000,5.35,48.53,75.82,94,12,3.0,1524277596
Kamuli,UG,232397,0.94,33.12,66.55,98,24,3.11,1524277596
Carutapera,BR,3402648,-1.2,-46.02,78.07,94,0,7.58,1524277596
Acapulco,MX,3533462,16.86,-99.88,82.4,78,5,4.7,1524275160
Bitung,ID,1648636,1.44,125.19,87.8,62,20,2.24,1524272400
San Sebastian,CO,3676623,-4.18,-69.95,73.4,100,75,4.0,1524276000
Sembe,CG,2255304,1.65,14.58,71.77,94,12,3.78,1524277597
Muisne,EC,3653967,0.61,-80.02,73.21,95,48,3.04,1524277597
Kieta,PG,2094027,-6.22,155.63,79.42,100,92,3.83,1524277597
Bontang,ID,1648186,0.12,117.47,81.04,100,64,5.5,1524277597
Matara,LK,1235846,5.95,80.54,80.59,100,20,5.79,1524277598
Curillo,CO,3733861,1.03,-75.92,67.18,92,24,1.77,1524277598
Yenagoa,NG,2318123,4.92,6.26,68.35,97,32,2.71,1524277598
Hilo,US,5855927,19.71,-155.08,78.8,69,20,8.05,1524275760
Gorontalo,ID,1643837,0.54,123.06,82.93,83,24,2.37,1524277599
Kaberamaido,UG,233019,1.76,33.16,67.27,96,80,2.26,1524277599
Kudahuvadhoo,MV,1337607,2.67,72.89,77.53,100,92,13.33,1524277599
Lazaro Cardenas,MX,3996234,28.39,-105.62,82.4,8,40,19.46,1524274800
Amapa,BR,3401225,-1.83,-56.23,75.28,95,12,2.26,1524277599
Robertsport,LR,2274275,6.75,-11.37,80.59,100,24,8.81,1524277600
Bandar,ID,1649593,-4.2,104.14,79.51,100,68,4.38,1524277600
Mersing,MY,1732826,2.43,103.84,84.01,92,36,4.38,1524277600
Manokwari,ID,1636308,-0.87,134.08,80.95,100,44,2.55,1524277600
Muli,MV,1337617,2.92,73.57,77.35,100,92,7.36,1524277600
Mapiripan,CO,3792394,2.89,-72.13,72.67,95,36,2.71,1524277600
Lodwar,KE,189280,3.12,35.6,69.7,94,24,2.82,1524277422
Luba,GQ,2309528,3.46,8.55,73.4,94,20,3.11,1524276000
Coahuayana,MX,3981460,18.62,-100.35,70.69,59,0,2.04,1524277601
Lorengau,PG,2092164,-2.02,147.27,85.45,95,88,9.26,1524277601
San Jeronimo,MX,3982846,29.37,-110.79,80.6,19,20,9.17,1524274920
Grand-Santi,GF,3381538,4.27,-54.38,74.74,95,56,3.04,1524277601
Buchanan,LR,2278158,5.88,-10.05,77.0,94,20,5.82,1524276000
Wattegama,LK,1241622,7.35,80.68,78.52,91,12,3.89,1524277602
Tarakan,ID,1624725,3.3,117.63,83.02,97,56,2.82,1524277602
Kribi,CM,2229761,2.94,9.91,75.55,99,68,2.21,1524277602
Wamba,CD,204318,2.14,27.99,68.26,95,32,2.1,1524277603
Galle,LK,1246294,6.04,80.22,80.59,100,20,5.79,1524277603
Pizarro,CO,3672086,4.95,-77.37,79.6,95,80,5.35,1524277604
Trairi,BR,3386177,-3.28,-39.27,84.01,97,76,13.11,1524277604
Lethem,GY,3379316,3.38,-59.8,81.85,67,76,10.16,1524277604
Ternate,ID,1624041,0.8,127.4,83.47,100,20,1.54,1524277604
Caucaia,BR,3402429,-3.73,-38.66,78.8,78,40,9.17,1524276000
Banda Aceh,ID,1215502,5.56,95.32,79.24,92,88,2.48,1524277605
Mosquera,CO,3674292,4.71,-74.23,51.8,87,20,3.36,1524276000
Mahibadhoo,MV,1337605,3.78,72.97,78.52,100,88,6.02,1524277665
Sibu,MY,1735902,2.29,111.83,75.2,94,75,4.7,1524276000
Mattru,SL,2409215,7.62,-11.83,75.37,87,64,3.11,1524277666
Bubaque,GW,2374583,11.28,-15.83,71.6,83,0,10.29,1524272400
Lagos,NG,2332459,6.46,3.39,78.8,88,20,3.89,1524276000
Limbang,MY,1737714,4.75,115.0,87.8,66,40,3.36,1524276000
Puerto Escondido,MX,3520994,15.86,-97.07,84.2,70,75,5.82,1524274800
Zemio,CF,235826,5.02,25.13,72.85,90,68,5.57,1524277667
Bandarbeyla,SO,64814,9.49,50.81,82.12,100,88,2.26,1524277667
Cabo San Lucas,MX,3985710,22.89,-109.91,77.0,56,40,4.7,1524275220
Orocue,CO,3673536,4.79,-71.34,76.18,83,8,5.73,1524277668
Cabuyaro,CO,3688151,4.29,-72.79,72.94,93,36,3.22,1524277668
Cururupu,BR,3401148,-1.82,-44.87,77.08,89,0,6.13,1524277668
Sao Filipe,CV,3374210,14.9,-24.5,68.26,100,44,15.41,1524277668
Pundaguitan,PH,1698289,6.37,126.17,82.12,100,12,0.98,1524277669
San-Pedro,CI,2282006,4.75,-6.64,77.26,95,8,7.4,1524277669
Butaritari,KI,2110227,3.07,172.79,84.01,98,68,13.29,1524277669
Paka,MY,1734313,4.64,103.44,82.4,83,75,2.24,1524272400
Kloulklubed,PW,7671223,7.04,134.26,87.8,79,75,3.36,1524275400
Kalmunai,LK,1242110,7.42,81.82,81.4,92,8,2.59,1524277670
Sarangani,PH,1687186,5.4,125.46,82.84,100,24,4.83,1524277670
Boa Vista,BR,3664980,2.82,-60.67,86.0,62,75,11.41,1524276000
Jinka,ET,333750,5.79,36.57,62.41,96,100,1.99,1524277672
Miri,MY,1738050,4.41,114.01,84.2,70,75,2.24,1524276000
Ginir,ET,336454,7.14,40.71,59.89,98,76,2.82,1524277672
Salinopolis,BR,3389822,-0.61,-47.36,80.95,100,48,11.1,1524277672
La Palma,PA,3707058,8.4,-78.14,75.91,100,24,1.48,1524277673
Obo,CF,236950,5.39,26.49,72.85,83,44,6.73,1524277673
Bonthe,SL,2409914,7.53,-12.5,78.88,87,44,4.56,1524277673
Tecoanapa,MX,3532499,16.99,-99.26,82.4,78,5,4.7,1524275160
Mutis,CO,3689325,6.23,-77.4,77.71,100,88,4.61,1524277673
Kibre Mengist,ET,333103,5.87,38.99,57.82,100,88,2.82,1524277674
Sabang,ID,1623502,1.17,120.82,82.66,100,0,5.5,1524277674
Xuddur,SO,49747,4.12,43.89,69.52,97,76,2.33,1524277571
Jardim,BR,3460087,-21.48,-56.15,67.09,90,8,3.22,1524277552
Rafai,CF,236524,4.95,23.92,72.13,92,88,12.06,1524277674
Upata,VE,3625710,8.02,-62.41,77.8,69,48,8.25,1524277675
Kanniyakumari,IN,1268008,8.08,77.57,85.54,98,8,4.23,1524277675
Sinnamary,GF,3380290,5.38,-52.96,77.35,100,80,8.25,1524277675
Santa Cruz,CR,3621607,10.26,-85.58,82.4,61,0,9.17,1524276000
Zimmi,SL,2402689,7.31,-11.31,76.72,90,12,3.27,1524277675
Kuala Terengganu,MY,1734705,5.33,103.14,82.4,83,75,4.7,1524272400
Santiago,PH,1687801,16.69,121.54,83.47,72,12,1.54,1524277736
Champerico,GT,3598787,14.3,-91.92,77.62,97,8,3.49,1524277736
Puerto Carreno,CO,3671519,6.19,-67.49,82.4,83,75,4.27,1524272400
Bantogon,PH,1726977,6.53,124.03,82.57,86,20,3.04,1524277737
Gambela,ET,337405,8.25,34.59,60.97,90,32,3.38,1524277737
Kulhudhuffushi,MV,1337613,6.62,73.07,86.53,97,32,3.6,1524277737
Malayal,PH,1702944,7.21,121.94,89.6,62,40,4.7,1524276000
Port Blair,IN,1259385,11.67,92.75,84.82,100,0,5.12,1524277738
Labuan,MY,1734240,5.33,115.2,87.8,74,75,2.24,1524276000
Ngaoundere,CM,2224827,7.32,13.58,62.86,98,68,6.62,1524277738
Sirawai,PH,1686123,7.59,122.14,86.35,74,68,4.83,1524277738
Remedios,CO,3668175,7.03,-74.7,67.72,100,64,1.7,1524277738
Tumpat,MY,1736356,6.2,102.17,82.4,83,75,4.7,1524272400
Garowe,SO,58933,8.41,48.48,69.07,94,88,2.89,1524277739
Mana,GF,3381041,5.67,-53.78,74.47,98,64,2.37,1524277739
Remedios,PA,3701491,8.23,-81.83,82.4,83,20,2.24,1524276000
Wukari,NG,2318921,7.87,9.78,75.1,90,12,9.53,1524277740
little baguio,PH,1710470,6.5,124.5,82.57,86,20,3.04,1524277740
Kavaratti,IN,1267390,10.57,72.64,85.36,100,12,7.52,1524277740
Mabaruma,GY,3377301,8.2,-59.78,77.35,90,24,6.24,1524277740
Siocon,PH,1724435,11.03,124.04,84.55,96,8,4.5,1524277741
Macenta,GN,2417988,8.55,-9.47,69.97,98,64,2.1,1524277741
Barinas,VE,3648546,8.64,-70.23,77.71,77,8,6.02,1524277741
Bedesa,ET,342559,8.9,40.78,56.83,93,48,2.37,1524277742
Iracoubo,GF,3381428,5.48,-53.21,74.74,97,76,3.49,1524277742
Robe,ET,336350,7.12,40.01,56.65,96,92,2.82,1524277742
Bouna,CI,2290849,9.27,-3.0,71.41,94,68,10.65,1524277742
Necocli,CO,3673974,8.42,-76.79,80.6,83,40,11.41,1524276000
Ciudad Guayana,VE,3645528,8.32,-62.69,79.33,75,0,6.91,1524277743
Pochutla,MX,3517970,15.74,-96.47,84.2,70,75,5.82,1524274800
Conakry,GN,2422465,9.52,-13.7,79.15,100,0,9.82,1524277743
Calabozo,VE,3647444,8.92,-67.43,81.94,55,8,14.41,1524277665
Cayenne,GF,3382160,4.94,-52.33,77.0,100,75,1.12,1524276000
Phan Thiet,VN,1571058,10.93,108.1,84.91,80,20,7.58,1524277541
Sarh,TD,2425791,9.14,18.39,86.0,51,0,6.93,1524276000
Bacolod,PH,1729564,10.68,122.95,85.09,70,76,7.92,1524277744
San Carlos del Zulia,VE,3628489,9.0,-71.91,82.12,78,32,3.38,1524277744
Balabac,PH,1728675,7.99,117.06,81.67,100,56,8.37,1524277566
Kapaa,US,5848280,22.08,-159.32,78.8,78,75,18.34,1524275760
Valera,VE,3625542,9.31,-70.61,76.99,94,24,1.48,1524277745
Birao,CF,240210,10.3,22.78,65.02,46,0,2.82,1524277745
Ca Mau,VN,1586443,9.18,105.15,83.02,87,100,6.24,1524277745
Cayhagan,PH,1717550,9.67,122.43,84.01,96,8,5.28,1524277746
San Antero,CO,3670199,9.38,-75.76,80.6,88,75,7.92,1524276000
Wa,GH,2294206,10.06,-2.51,72.13,94,56,11.1,1524277746
Hargeysa,SO,57289,9.56,44.06,63.58,97,76,4.34,1524277746
Mamou,GN,2417833,10.37,-12.08,70.24,76,0,2.71,1524277746
Cantapoy,PH,1718886,9.49,125.44,81.94,95,68,9.08,1524277747
Trincomalee,LK,1226260,8.58,81.23,82.39,87,0,5.84,1524277807
Bosaso,SO,64013,11.28,49.18,80.95,100,0,4.72,1524277808
Palamedu,IN,1260786,10.12,78.12,82.4,83,20,3.36,1524276000
Pilar,PH,1693839,14.67,120.55,91.4,55,20,13.87,1524276000
Lere,NG,2332079,10.39,8.57,70.15,97,8,8.75,1524277808
Am Timan,TD,245338,11.04,20.28,67.27,35,0,5.5,1524277809
Aracataca,CO,3689759,10.59,-74.19,86.0,66,75,6.93,1524276000
Georgetown,GY,3378644,6.8,-58.16,77.0,88,0,6.93,1524276000
Moron,VE,3631878,10.49,-68.2,66.91,91,76,2.37,1524277809
Cam Ranh,VN,1586350,11.92,109.15,82.03,84,0,3.6,1524277810
Scarborough,TT,3573703,11.18,-60.73,78.8,78,40,11.41,1524276000
Berbera,SO,64435,10.44,45.01,67.72,89,8,2.48,1524277810
Oistins,BB,3373652,13.07,-59.53,77.0,88,40,20.8,1524276000
Liberia,CR,3623076,10.63,-85.44,82.4,61,0,9.17,1524276000
Sikasso,ML,2451185,11.32,-5.68,77.35,71,12,11.43,1524277811
Carupano,VE,3646382,10.67,-63.26,75.91,93,92,8.14,1524277811
Sulangan,PH,1685422,11.14,123.72,83.47,100,48,12.06,1524277811
Tirumullaivasal,IN,1254367,11.24,79.84,84.64,82,12,5.39,1524277812
Prachuap Khiri Khan,TH,1151074,11.81,99.79,84.91,79,0,3.22,1524277812
Nagapattinam,IN,1262260,10.76,79.84,86.8,72,12,6.58,1524277812
Mongo,TD,2427637,12.18,18.69,63.94,51,0,3.33,1524277814
Caraballeda,VE,3646767,10.61,-66.85,77.0,83,40,3.36,1524276000
San Andres,CO,7522928,8.22,-76.58,80.6,83,40,11.41,1524276000
Punto Fijo,VE,3629576,11.69,-70.21,81.85,65,80,18.14,1524277814
Uribia,CO,3666409,11.71,-72.27,81.13,64,68,20.11,1524277814
Tuy Hoa,VN,1563281,13.08,109.3,81.67,83,36,3.33,1524277815
Idio,PH,1711337,11.62,122.1,83.65,90,20,12.55,1524277815
Acoyapa,NI,3620978,11.97,-85.17,79.15,74,44,12.39,1524277816
Ouagadougou,BF,2357048,12.37,-1.53,86.0,25,0,5.82,1524272400
Gusau,NG,2339937,12.17,6.66,79.15,62,20,12.1,1524277817
Aden,YE,415189,12.79,45.03,81.13,100,0,5.01,1524277818
La Paz Centro,NI,3618411,12.34,-86.68,82.4,78,20,11.41,1524276000
Massaguet,TD,2428231,12.48,15.44,86.0,23,0,3.36,1524276000
Reo,BF,2356228,12.32,-2.47,77.17,67,20,7.25,1524277820
Tandalti,SD,366426,13.01,31.87,69.07,43,0,3.6,1524277821
Puerto Madero,MX,3520989,14.72,-92.42,78.8,83,5,2.04,1524275100
Katpadi,IN,1267456,12.98,79.14,83.74,71,0,4.12,1524277821
Korem,ET,332746,12.51,39.52,58.99,77,48,0.76,1524277822
Kutum,SD,371745,14.2,24.66,57.28,23,0,5.61,1524277822
Puerto El Triunfo,SV,3584003,13.27,-88.55,84.2,74,0,10.29,1524275400
Gouyave,GD,3580279,12.16,-61.73,78.8,83,40,13.87,1524272400
Pattaya,TH,1614295,12.93,100.9,86.0,66,20,9.17,1524274200
Salalah,OM,286621,17.01,54.1,77.0,36,0,3.36,1524275400
Kedougou,SN,2250645,12.56,-12.19,72.94,45,0,5.73,1524277823
Kankon,IN,1268022,15.02,74.02,84.28,100,8,10.38,1524277884
Edd,ER,338345,13.93,41.69,71.77,52,0,1.99,1524277884
Dabat,ET,340358,12.98,37.77,60.25,74,36,1.99,1524277884
Tambacounda,SN,2244991,13.77,-13.67,82.4,24,0,4.7,1524276000
Porto Novo,CV,3374336,17.02,-25.06,68.0,68,75,20.8,1524276000
Sa Kaeo,TH,1606807,13.8,102.09,85.99,85,8,4.72,1524277885
Bafoulabe,ML,2460755,13.81,-10.83,76.09,41,0,8.52,1524277885
Yanam,IN,1252795,16.73,82.22,88.69,69,0,4.23,1524277647
Tessaoua,NE,2438823,13.76,7.99,69.7,61,20,3.27,1524277885
Praia,CV,3374333,14.92,-23.51,68.0,72,20,17.22,1524276000
Dawei,MM,1293625,14.07,98.19,87.07,61,0,2.59,1524277886
Kolokani,ML,2454955,13.58,-8.03,77.44,47,76,3.83,1524277886
Palauig,PH,1696188,15.44,119.9,88.06,71,0,2.33,1524277886
Filingue,NE,2444995,14.35,3.32,71.77,24,12,9.04,1524277886
Gossas,SN,2244221,14.49,-16.06,64.84,73,12,10.83,1524277887
Corquin,HN,3613171,14.57,-88.87,68.71,74,56,2.26,1524277887
Ouallam,NE,2440371,14.32,2.08,75.55,18,12,11.83,1524277887
Oranjestad,AW,3577154,12.52,-70.03,80.6,78,20,17.22,1524276000
Ranibennur,IN,1258474,14.62,75.62,83.2,48,0,5.01,1524277887
Biltine,TD,244878,14.53,20.93,70.6,15,0,12.06,1524277888
Fatick,SN,2246608,14.33,-16.4,64.84,73,12,10.83,1524277888
Lahij,YE,73560,13.06,44.88,65.29,75,0,2.55,1524277888
Anantapur,IN,1278672,14.68,77.61,82.12,71,0,7.92,1524277631
Diffa,NE,2445704,13.32,12.61,68.35,44,0,2.59,1524277888
Iralaya,HN,3608828,15.0,-83.23,79.15,94,88,11.83,1524277889
Goure,NE,2444219,13.98,10.27,72.67,49,0,2.59,1524277889
Veraval,IN,1253237,20.9,70.37,82.12,88,0,7.85,1524277889
Nanakuli,US,5851349,21.39,-158.15,82.4,69,75,14.99,1524275820
Yarim,YE,69559,14.3,44.38,47.47,87,0,2.21,1524277890
Gigmoto,PH,1712961,13.78,124.39,82.03,98,88,7.52,1524277890
Bajil,YE,77408,15.06,43.29,79.42,65,92,2.55,1524277890
Morant Bay,JM,3489440,17.88,-76.41,82.4,74,75,4.7,1524276000
Gao,ML,2457163,16.28,-0.04,74.29,23,0,10.76,1524277890
Guerrero Negro,MX,4021858,27.97,-114.04,61.6,73,24,12.84,1524277891
San Policarpo,PH,1688696,12.18,125.51,83.29,94,80,9.26,1524277891
Mangrol,IN,1263751,25.33,76.51,80.68,17,0,5.61,1524277891
Sal Rei,CV,3374235,16.18,-22.92,68.0,68,40,12.75,1524276000
Sokolo,ML,2450849,14.74,-6.12,71.23,41,0,5.61,1524277891
Dakar,SN,2253354,14.69,-17.45,64.4,100,12,9.17,1524276000
Douentza,ML,2458334,15.01,-2.95,66.01,43,0,5.23,1524277892
Kayes,ML,2455518,14.44,-11.44,75.37,39,0,8.3,1524277892
Salina Cruz,MX,3520064,16.18,-95.2,81.49,52,0,13.85,1524277892
Puri,IN,1259184,19.8,85.85,84.2,83,40,16.11,1524274200
Dicamay,PH,1715010,16.76,122.0,83.47,72,12,1.54,1524277894
Ponta do Sol,CV,3374346,17.2,-25.09,67.81,100,92,15.64,1524277954
Pathein,MM,1328421,16.78,94.73,90.22,63,0,4.79,1524277955
Mao,TD,2428394,14.12,15.31,66.01,50,12,3.04,1524277955
Bathsheba,BB,3374083,13.22,-59.52,77.0,88,40,20.8,1524276000
Makakilo City,US,5850554,21.35,-158.09,82.4,58,40,9.17,1524275820
Ratnagiri,IN,1258338,16.98,73.3,83.47,99,0,14.67,1524277955
Villa Corzo,MX,3514684,16.19,-93.27,80.6,61,40,11.41,1524275220
Srivardhan,IN,1255619,18.03,73.02,82.12,69,0,5.84,1524277956
Petatlan,MX,3992842,17.52,-101.27,82.4,78,40,9.17,1524275700
Tahoua,NE,2439376,14.89,5.26,74.74,22,20,10.31,1524277956
Saint-Louis,SN,2246452,16.03,-16.5,64.4,93,0,6.93,1524276000
Hue,VN,1580240,16.47,107.58,84.2,79,20,4.7,1524274200
Jizan,SA,105299,16.89,42.56,87.8,52,0,3.36,1524276000
Nong Kung Si,TH,1595679,16.65,103.3,84.2,83,0,2.24,1524272400
Saint-Francois,GP,3578441,16.25,-61.27,75.2,83,92,3.36,1524276000
Constitucion,MX,4011743,23.99,-104.67,77.0,11,40,16.11,1524274860
Tanout,NE,2439155,14.97,8.88,73.39,29,44,3.33,1524277957
Wang Saphung,TH,1605102,17.3,101.77,75.2,94,12,2.24,1524272400
Wanning,CN,1791779,18.8,110.4,78.79,95,88,10.6,1524277958
Les Cayes,HT,3728097,18.19,-73.75,79.87,100,24,11.05,1524277958
Pedernales,DO,3495137,18.04,-71.74,77.35,100,8,8.63,1524277958
Tak,TH,1150490,16.87,99.12,78.8,65,20,4.7,1524272400
Le Moule,GP,3578967,16.33,-61.35,75.2,83,92,3.36,1524276000
George Town,KY,3580661,19.29,-81.37,82.4,83,20,11.41,1524276000
Nouakchott,MR,2377450,18.08,-15.98,65.11,100,24,18.92,1524277959
Pandharpur,IN,1260546,17.68,75.33,83.65,32,0,10.09,1524277959
Aquin,HT,3731095,18.28,-73.39,80.23,100,20,11.83,1524277960
Port Antonio,JM,3489005,18.18,-76.45,82.4,74,75,4.7,1524276000
Bodden Town,KY,3580733,19.28,-81.25,82.4,83,20,11.41,1524276000
Marawi,SD,370481,18.48,31.82,65.83,20,0,4.9,1524277960
San Ignacio,BZ,3581194,17.16,-89.07,78.97,65,0,4.61,1524277664
Dicabisagan,PH,1715015,17.08,122.42,79.6,100,64,5.01,1524277961
Santa Maria,CV,3374218,16.6,-22.9,68.0,68,40,12.75,1524276000
Fuerte,PH,1713558,17.54,120.36,85.27,77,0,3.38,1524277961
Agadez,NE,2448085,16.97,7.99,73.21,19,8,10.94,1524277961
Tomatlan,MX,3981391,19.93,-105.25,73.84,85,0,2.55,1524277961
Tuxtla,MX,3514179,20.0,-97.65,47.2,97,0,1.03,1524277962
Atar,MR,2381334,20.52,-13.05,60.16,40,0,5.5,1524277962
Nara,ML,6779095,15.17,-7.29,71.5,58,8,2.77,1524277962
Kidal,ML,2455290,18.44,1.41,57.91,26,0,3.89,1524277963
Timbuktu,ML,2449067,16.77,-3.01,67.99,26,0,5.73,1524277963
Dwarka,IN,1273294,28.58,77.04,75.2,53,40,6.93,1524276000
Bilma,NE,2446796,18.69,12.92,66.19,15,0,2.55,1524277963
Montego Bay,JM,3489460,18.47,-77.92,80.6,83,40,2.24,1524276000
Jeremie,HT,3723593,18.65,-74.12,79.15,100,64,4.72,1524277963
Tepalcatepec,MX,3982007,19.19,-102.85,79.51,53,0,3.56,1524277964
Sur,OM,286245,22.57,59.53,76.9,100,0,9.42,1524278024
Sawakin,SD,367544,19.1,37.33,67.81,100,0,3.38,1524278024
Frontera,MX,3527545,18.53,-92.64,77.0,83,5,5.82,1524274800
Abha,SA,110690,18.22,42.5,60.8,77,0,3.11,1524276000
Yangjiang,CN,1806408,21.85,111.96,75.91,95,64,10.83,1524278025
Gudari,IN,1270818,19.34,83.79,87.79,50,0,3.49,1524278025
Tessalit,ML,2449893,20.2,1.01,54.67,31,0,2.71,1524278025
Naze,JP,1855540,28.37,129.48,75.2,64,75,12.75,1524276000
Thai Binh,VN,1566346,20.45,106.33,83.92,82,12,14.63,1524278026
Katsuura,JP,1865309,33.93,134.5,75.2,41,0,5.82,1524276000
Teknaf,BD,1185095,20.86,92.31,87.07,70,0,3.33,1524278026
Arlit,NE,2447513,18.74,7.39,68.53,20,0,7.25,1524278027
Luang Prabang,LA,1655559,19.89,102.14,73.4,88,90,2.24,1524272400
Pagudpud,PH,1696482,18.56,120.79,89.6,55,20,6.93,1524276000
Niquero,CU,3545981,20.04,-77.58,76.9,100,0,6.29,1524278027
Las Juntas,MX,3991328,20.7,-105.25,67.81,85,0,2.04,1524278027
The Valley,AI,3573374,18.22,-63.06,78.8,78,40,12.75,1524276000
Huandacareo,MX,4004690,19.99,-101.28,71.6,49,20,5.82,1524274860
Vega de Alatorre,MX,3514843,20.03,-96.65,71.14,87,32,2.82,1524278028
Sagua de Tanamo,CU,3541446,20.58,-75.24,68.26,98,36,1.81,1524278028
Mae Sai,TH,1152194,20.43,99.88,75.2,94,0,2.59,1524272400
Kihei,US,5849297,20.76,-156.45,78.8,69,40,18.34,1524275760
West Bay,KY,3580477,19.37,-81.42,82.4,83,20,11.41,1524276000
Shimoda,JP,1852357,34.7,138.93,69.8,73,20,20.8,1524276000
Patnagarh,IN,1260082,20.71,83.13,88.69,53,0,6.29,1524278029
Itoman,JP,1861280,26.12,127.67,77.0,78,75,9.17,1524276000
Lompoc,US,5367788,34.64,-120.46,59.0,82,0,12.75,1524275880
Porbandar,IN,1259395,21.64,69.61,82.12,82,0,6.85,1524277870
Xucheng,CN,1787831,33.0,118.51,70.69,79,88,9.64,1524278030
Zhuhai,CN,2052479,40.71,112.04,59.0,54,0,15.66,1524276000
Jiazi,CN,1894019,19.61,110.49,82.4,74,75,11.18,1524276000
Puerto Padre,CU,3543299,21.2,-76.61,71.6,94,75,5.82,1524275460
Basco,PH,1726449,20.45,121.97,79.51,97,92,13.62,1524278031
Cockburn Town,TC,3576994,21.46,-71.14,78.88,98,0,20.83,1524278031
Bhandara,IN,1276191,21.16,79.65,87.8,25,0,3.36,1524274200
Hasaki,JP,2112802,35.73,140.83,75.2,44,0,13.87,1524276000
Progreso,MX,3515690,20.25,-99.19,51.61,89,0,2.89,1524278032
Yaval,IN,1252773,21.17,75.7,85.27,43,0,5.91,1524278032
Makaha,US,5850511,21.47,-158.22,82.4,69,75,14.99,1524275820
Las Varas,MX,3999162,21.18,-105.14,71.6,64,5,6.93,1524274800
Celestun,MX,3531368,20.87,-90.4,77.35,100,0,21.61,1524278032
Mecca,SA,104515,21.43,39.83,84.2,45,0,3.22,1524276000
Cancun,MX,3531673,21.17,-86.85,77.0,78,75,6.93,1524275820
Isla Mujeres,MX,3526756,21.23,-86.73,77.0,78,75,6.93,1524275820
Tumsar,IN,1254080,21.38,79.75,92.02,27,0,12.84,1524278033
Vaghodia,IN,1253559,22.3,73.38,84.46,49,0,4.38,1524278033
Riyadh,SA,108410,24.63,46.72,77.0,15,12,4.7,1524276000
Nainpur,IN,1262116,22.43,80.11,85.99,27,0,9.86,1524278028
Gwadar,PK,1177446,25.12,62.33,73.84,85,0,0.69,1524278034
Shingu,JP,1847947,33.72,135.99,69.8,77,20,13.87,1524276000
Mantua,CU,3547930,22.29,-84.28,77.26,77,80,3.0,1524278094
Nizwa,OM,286987,22.93,57.53,60.79,76,0,2.59,1524278094
Jobat,IN,1268875,22.42,74.57,84.01,54,0,4.38,1524278095
Sika,IN,1256333,22.43,69.84,79.42,84,8,4.72,1524278095
Nanning,CN,1799869,22.83,108.3,78.8,78,75,8.95,1524276000
Taoudenni,ML,2450173,22.68,-3.98,66.01,20,0,7.63,1524278096
Manpur,IN,1271439,24.8,85.03,82.4,78,20,8.05,1524276000
Jalu,LY,86049,29.03,21.55,70.69,40,0,4.38,1524278096
Aswan,EG,359792,24.09,32.9,78.8,6,0,3.36,1524272400
Keti Bandar,PK,1174451,24.14,67.45,82.75,92,0,12.95,1524278097
Shahdol,IN,1256739,23.3,81.36,86.44,27,0,7.4,1524278097
Mazatlan,MX,3996322,23.22,-106.42,75.2,60,20,4.7,1524275160
Hirara,JP,1862505,24.8,125.28,77.0,83,75,9.17,1524276000
Constancia,MX,3987538,25.96,-108.9,75.2,44,40,8.05,1524275040
Nouadhibou,MR,2377457,20.93,-17.03,62.6,72,0,19.46,1524272400
Cabanas,CU,3566573,22.98,-82.92,73.4,83,20,8.05,1524275700
Nishihara,JP,1850144,35.74,139.53,73.4,46,0,11.41,1524276000
Kahului,US,5847411,20.89,-156.47,78.8,69,40,18.34,1524275760
Narsingdi,BD,1185117,23.92,90.7,82.4,83,75,13.87,1524276000
Binzhou,CN,1816336,37.38,117.96,86.08,45,24,12.77,1524278099
Road Town,VG,3577430,18.42,-64.62,80.6,78,75,11.41,1524275580
Panaba,MX,3521972,21.28,-88.27,78.16,59,0,9.15,1524278100
Umm Lajj,SA,100926,25.02,37.27,66.19,100,0,5.35,1524278100
Yuancheng,CN,1786110,36.65,107.79,64.39,54,80,5.61,1524278100
Hazaribag,IN,1270164,23.98,85.35,90.67,30,0,4.61,1524278100
Dubai,AE,292223,25.27,55.3,69.8,83,0,5.82,1524276000
Bhanpura,IN,1276152,24.51,75.75,78.43,46,0,4.38,1524278100
Sharjah,AE,292672,25.36,55.39,69.8,83,0,5.82,1524276000
Tateyama,JP,1849876,36.66,137.31,80.6,22,0,5.82,1524276000
Los Llanos de Aridane,ES,2514651,28.66,-17.92,59.0,54,80,6.93,1524276000
Manasa,IN,1263949,24.48,75.27,80.41,21,0,4.38,1524278101
Topolobampo,MX,3981345,25.6,-109.05,75.2,44,40,8.05,1524275040
Asyut,EG,359783,27.18,31.19,71.6,37,0,9.17,1524272400
Matamoros,MX,3996426,25.53,-103.23,89.6,18,40,12.75,1524275100
Rock Sound,BS,3571592,24.9,-76.2,78.61,100,44,11.43,1524278102
Tahta,EG,347634,26.77,31.5,71.6,37,0,9.17,1524272400
Hamilton,BM,3573197,32.3,-64.78,66.2,82,90,12.75,1524275700
Andros Town,BS,3572906,24.73,-77.79,77.0,88,20,3.36,1524276000
Houma,US,4328010,29.6,-90.72,62.6,76,1,10.31,1524276900
South Venice,US,4173593,27.05,-82.42,75.2,69,1,5.82,1524276900
Adrar,DZ,2508813,27.87,-0.29,66.2,22,12,16.11,1524276000
Sabha,LY,2212775,27.03,14.43,68.17,50,0,12.88,1524278104
Tiznit,MA,2527089,29.7,-9.73,57.55,100,80,6.62,1524278104
Ormara,PK,1168700,25.21,64.64,76.9,75,0,5.06,1524278104
Loreto,MX,3998291,22.27,-101.99,67.63,40,12,4.34,1524278105
Anshun,CN,1817968,26.25,105.93,76.72,50,0,15.46,1524278105
Chenzhou,CN,1815059,25.81,113.03,80.14,72,12,15.35,1524278105
Fuzhou,CN,1810821,26.08,119.3,75.2,69,40,6.71,1524276000
Sikandra,IN,1256324,26.37,79.63,81.49,43,0,8.37,1524278166
Miami Lakes,US,4164186,25.91,-80.31,78.8,69,1,9.17,1524275580
Ribeira Grande,PT,3372707,38.52,-28.7,63.04,97,88,14.12,1524278166
Mehnagar,IN,1263189,25.88,83.12,90.85,43,0,5.5,1524278166
Iranshahr,IR,1160939,27.21,60.69,62.6,17,0,2.89,1524276000
Warrington,US,5205788,40.25,-75.13,44.6,56,1,4.7,1524276900
Morgan City,US,4333811,29.7,-91.21,60.8,72,1,9.31,1524276900
Bayshore Gardens,US,4146934,27.43,-82.59,75.2,78,1,6.93,1524276900
Bela,PK,1182998,26.23,66.31,67.27,13,0,5.23,1524278167
Jaisalmer,IN,1269507,26.91,70.91,75.64,16,0,2.48,1524278168
Buraydah,SA,107304,26.33,43.97,73.4,31,40,0.76,1524276000
Puerto del Rosario,ES,2512186,28.5,-13.86,60.8,63,20,6.93,1524277800
Marsh Harbour,BS,3571913,26.54,-77.06,74.92,100,88,15.41,1524278113
Tomigusuku,JP,1850108,26.18,127.67,77.0,78,75,9.17,1524276000
Turbat,PK,1163054,26.0,63.05,69.79,27,0,1.36,1524278168
Brownsville,US,4676740,25.91,-97.49,73.4,73,1,10.29,1524276900
Belle Glade,US,4147241,26.68,-80.67,77.0,78,20,11.41,1524275700
Jiaocheng,CN,1806041,24.68,116.14,76.9,71,80,3.0,1524278169
Kushima,JP,1895695,31.5,131.29,73.4,68,20,8.05,1524276000
Sibsagar,IN,1256388,26.98,94.64,71.6,100,90,6.93,1524276000
Jian,CN,1806445,27.12,114.98,80.86,70,12,14.79,1524278170
Arona,ES,2521582,28.1,-16.68,60.8,63,20,8.05,1524277800
Tongren,CN,1792592,27.72,109.18,72.58,98,68,6.62,1524278170
Saint George,BM,3573061,32.38,-64.68,66.2,82,90,12.75,1524275700
Wenling,CN,1791464,28.38,121.38,71.59,72,68,5.06,1524278171
Camargo,MX,4013724,27.69,-105.17,81.04,14,24,15.08,1524278171
Waddan,LY,2209055,29.16,16.14,59.44,82,8,12.84,1524278171
Bayan,KW,285663,29.3,48.05,77.0,22,0,11.41,1524276000
Xunchang,CN,1787901,28.45,104.71,68.17,89,92,3.27,1524278172
Robstown,US,4723212,27.79,-97.67,71.6,83,75,16.11,1524276900
Bijie,CN,1816373,27.3,105.3,74.65,61,12,3.04,1524278172
Abnub,EG,362973,27.27,31.15,71.6,37,0,9.17,1524272400
Pacific Grove,US,5380437,36.62,-121.92,64.4,76,1,8.05,1524275700
Bam,IR,141736,29.11,58.36,50.8,38,0,3.0,1524278153
Chihuahua,MX,4014338,28.66,-106.08,82.4,8,40,19.46,1524274800
Tabuk,SA,101628,28.38,36.58,69.8,18,0,4.7,1524276000
Atrauli,IN,1278190,28.04,78.28,73.21,60,0,4.61,1524278174
Severo-Kurilsk,RU,2121385,50.68,156.12,34.69,97,0,3.78,1524278174
Pokhara,NP,1282898,28.21,83.99,68.71,60,0,2.55,1524278175
Arrecife,ES,2521570,28.96,-13.55,60.8,63,20,6.93,1524277800
Dalbandin,PK,1180729,28.9,64.41,56.92,20,0,3.83,1524278176
High Rock,BS,3572189,26.63,-78.28,76.09,100,56,15.68,1524278176
Teguise,ES,2510573,29.06,-13.56,61.24,93,68,13.44,1524278177
Banepa,NP,1283679,27.63,85.52,68.0,60,20,3.36,1524277200
Tezu,IN,1254709,27.93,96.16,56.29,100,92,1.59,1524278177
Bushehr,IR,139817,28.97,50.84,73.4,43,0,6.93,1524276000
Half Moon Bay,US,5354943,37.46,-122.43,71.6,81,75,10.29,1524276000
Cape Canaveral,US,4149959,28.41,-80.6,73.4,88,1,5.82,1524275760
Tikapur,NP,1282666,28.53,81.12,76.27,41,0,2.71,1524278238
Shenjiamen,CN,1795632,29.96,122.3,64.84,88,12,16.8,1524278238
Khash,IR,1160571,28.22,61.21,48.55,37,0,2.55,1524278238
Pasighat,IN,1260206,28.06,95.33,62.14,100,100,1.88,1524278239
Pascagoula,US,4440397,30.37,-88.56,60.8,87,1,2.04,1524275760
Seguin,US,4727756,29.57,-97.96,66.2,72,90,10.29,1524276060
Kashipur,IN,1267579,29.21,78.96,69.52,68,0,3.27,1524278240
Kalat,PK,1175296,29.03,66.58,44.14,22,0,3.83,1524278240
Dayong,CN,1789289,25.02,118.29,77.0,65,0,8.95,1524276000
Darab,IR,137956,28.75,54.55,38.56,53,0,1.1,1524278109
Nagina,IN,1262200,29.44,78.43,72.04,76,0,3.71,1524278241
Qalyub,EG,350789,30.18,31.21,69.8,56,40,6.93,1524276000
Marsa Matruh,EG,352733,31.35,27.25,66.2,72,0,8.05,1524272400
Zhicheng,CN,1805012,35.04,112.59,73.84,78,88,3.0,1524278241
San Felipe,MX,3987224,31.02,-114.84,70.96,88,0,5.61,1524278242
Chalmette,US,4319518,29.94,-89.96,62.6,93,75,6.29,1524276900
Ponta Delgada,PT,3372783,37.73,-25.67,60.8,77,75,9.17,1524276000
Mangan,IN,1263776,27.5,88.54,38.65,92,88,1.54,1524278242
Fernandina Beach,US,4155006,30.67,-81.46,62.6,72,90,11.41,1524275700
Kathmandu,NP,1283240,27.71,85.32,64.4,72,20,3.36,1524275400
Brenham,US,4676206,30.17,-96.4,62.6,72,1,4.7,1524276900
Jiaxing,CN,1805953,30.76,120.75,75.2,57,0,6.71,1524276000
Jumla,NP,1283285,29.28,82.18,39.01,90,12,1.36,1524278243
Ojinaga,MX,3994469,29.57,-104.42,82.21,5,0,13.44,1524278243
Tallahassee,US,4174715,30.44,-84.28,69.8,55,75,5.82,1524276900
Deqing,CN,1812981,30.54,119.97,75.2,57,0,6.71,1524276000
Saraland,US,4088628,30.82,-88.07,60.8,76,1,5.28,1524275760
Puerto Penasco,MX,3991347,31.32,-113.53,66.73,88,0,8.81,1524278244
Nikolskoye,RU,546105,59.7,30.79,46.4,87,40,4.47,1524276000
Agadir,MA,2561668,30.42,-9.58,59.0,77,40,3.36,1524276000
Baghdad,IQ,98182,33.3,44.38,75.2,38,0,10.29,1524276000
Brownwood,US,4676798,31.71,-98.99,64.4,45,90,19.46,1524276900
Tala,EG,347612,30.68,30.94,61.24,90,88,7.07,1524278245
Pineville,US,4337291,31.32,-92.43,55.4,71,1,3.36,1524276900
Fukue,JP,1848373,35.03,136.69,66.2,72,0,5.82,1524276000
Sierra Vista,US,5314328,31.55,-110.3,62.6,17,1,11.41,1524275880
Lufkin,US,4708308,31.34,-94.73,57.2,82,1,3.36,1524276900
Alexandria,EG,361058,31.2,29.89,68.0,68,0,3.36,1524272400
Havelock,US,4470244,34.88,-76.9,51.8,81,5,5.82,1524275880
Shahr-e Babak,IR,115781,30.12,55.12,40.81,47,0,2.1,1524278248
Linqiong,CN,1803365,30.42,103.46,71.6,94,75,4.47,1524276000
Alexandria,US,4744091,38.81,-77.05,55.4,34,1,6.93,1524276900
Primo Tapia,MX,3979430,32.22,-116.92,66.2,77,1,9.17,1524275760
Port Hueneme,US,5384339,34.15,-119.2,71.6,82,1,4.7,1524275880
Turayf,SA,101312,31.68,38.65,62.6,45,0,8.05,1524276000
Machico,PT,2266895,32.7,-16.77,59.0,82,40,13.87,1524276000
Cordele,US,4189423,31.96,-83.78,60.8,58,1,11.83,1524275700
Torbay,CA,6167817,47.66,-52.73,33.8,92,75,21.92,1524276000
Dehloran,IR,136702,32.69,47.27,74.92,31,92,6.85,1524278309
Choa Saidan Shah,PK,1181053,32.72,72.98,61.51,100,0,5.91,1524278310
Vila Franca do Campo,PT,3372472,37.72,-25.43,60.8,77,75,9.17,1524276000
Damietta,EG,358048,31.42,31.81,66.2,82,0,10.29,1524272400
Shiyan,CN,1794903,32.65,110.78,72.31,81,36,3.11,1524278310
Alamogordo,US,5454627,32.9,-105.96,64.4,9,1,11.41,1524276900
Hanzhong,CN,1808857,33.08,107.03,71.32,72,12,2.21,1524278311
Macon,US,4207400,32.84,-83.63,55.4,76,1,5.5,1524275760
Carlsbad,US,5334223,33.16,-117.35,66.2,59,1,6.93,1524275760
Ardakan,IR,143073,32.31,54.02,57.2,24,20,2.24,1524276000
Peachtree City,US,4215110,33.4,-84.6,60.8,76,1,5.57,1524275760
Statesboro,US,4224413,32.45,-81.78,59.0,93,1,6.58,1524276900
Fortuna,US,5563839,40.6,-124.16,55.4,81,1,10.29,1524275700
Birjand,IR,140463,32.86,59.22,44.6,52,0,6.93,1524276000
Darnah,LY,87205,32.77,22.64,65.29,97,20,6.8,1524278313
Takeo,JP,1850834,33.2,130.02,78.8,77,0,5.82,1524276000
Joshimath,IN,1268814,30.57,79.57,22.9,94,0,1.36,1524278314
Jiangyou,CN,1885823,31.78,104.73,70.69,83,80,3.83,1524278315
Buckeye,US,5287262,33.37,-112.58,77.0,16,1,8.05,1524275880
Hit,IQ,95788,33.64,42.83,62.14,39,0,7.58,1524278315
Snyder,US,5530921,32.72,-100.92,64.4,52,90,23.04,1524276900
Uruzgan,AF,1131462,32.93,66.63,36.22,56,0,1.99,1524278316
Morro Bay,US,5374920,35.37,-120.85,71.6,81,20,14.99,1524275760
Juegang,CN,1804979,32.31,121.18,68.98,74,92,16.2,1524278316
Jhelum,PK,1175864,32.94,73.72,61.51,98,0,5.91,1524278156
Xining,CN,1788852,36.62,101.77,51.88,58,0,3.49,1524278317
Cleveland,US,5150529,41.51,-81.69,44.6,52,1,3.33,1524277020
Ino,JP,1861584,33.55,133.43,69.8,49,0,8.05,1524276000
Tripoli,LY,2210247,32.88,13.19,62.86,100,36,7.25,1524278053
Shupiyan,IN,1256414,33.72,74.83,40.0,98,36,2.04,1524278317
Yunyang,CN,1785661,32.84,110.81,70.87,91,32,3.56,1524278318
Zlitan,LY,2208485,32.47,14.57,57.01,98,0,7.29,1524278318
Leh,IN,1264976,34.16,77.58,12.37,91,36,0.36,1524278318
Tabas,IR,113659,33.6,56.92,47.83,29,0,2.48,1524278318
Javanrud,IR,130245,34.8,46.49,51.8,76,90,4.7,1524276000
Conway,US,4106458,35.09,-92.44,59.0,57,1,7.58,1524276900
Ohara,JP,1857910,35.12,135.83,75.2,27,0,4.7,1524276000
Paris,US,4647963,36.3,-88.33,57.2,40,1,5.82,1524276900
Taybad,IR,1159384,34.74,60.78,44.77,69,0,2.55,1524278319
Elizabeth City,US,4465088,36.3,-76.22,50.0,66,1,8.05,1524276900
Constantine,DZ,2501152,36.36,6.61,48.2,93,0,2.21,1524276000
Marsaxlokk,MT,2562247,35.84,14.54,60.8,72,0,4.7,1524275100
Ponta do Sol,PT,2264557,32.67,-17.1,57.2,82,40,13.87,1524276000
Torbat-e Jam,IR,1159362,35.24,60.63,41.8,80,0,2.48,1524278381
Marion,US,5161902,40.59,-83.13,48.2,52,1,3.36,1524277020
Gra Liyia,GR,261910,35.02,25.68,62.6,77,40,21.92,1524277200
Bandipur,IN,1270686,11.67,76.63,74.65,81,0,0.47,1524278381
Sidi Ali,DZ,2487130,36.1,0.42,54.04,88,24,2.1,1524278382
Melilla,ES,2513947,35.29,-2.94,60.8,93,56,10.29,1524277800
Heze,CN,1808198,35.25,115.45,72.04,89,92,13.11,1524278382
Yuncheng,CN,1785738,35.03,111.0,69.25,81,88,3.49,1524278382
Salamiyah,SY,164947,35.01,37.05,51.07,91,0,7.58,1524278383
Sakaiminato,JP,1853174,35.55,133.23,78.8,21,20,2.24,1524276000
Kumluca,TR,305681,36.37,30.29,30.82,88,0,1.36,1524278383
Saint-Pierre,PM,3424934,46.77,-56.17,35.59,94,0,26.15,1524278383
Chino Valley,US,5289658,34.76,-112.45,57.2,26,1,17.22,1524275700
Bayji,IQ,97783,34.93,43.49,63.31,59,0,9.08,1524278384
Nemuro,JP,2128975,43.32,145.57,69.8,35,0,21.92,1524276000
Yumen,CN,1528998,40.29,97.04,51.16,48,20,15.12,1524278385
Anamur,TR,323828,36.08,32.84,59.89,93,92,9.86,1524278385
Mashhad,IR,124665,36.3,59.61,50.0,71,0,4.7,1524276000
Jimo,CN,1805757,36.39,120.46,64.4,72,0,15.66,1524276000
Faro,PT,2268339,37.02,-7.94,59.0,100,20,16.11,1524276000
Camacha,PT,2270385,33.08,-16.33,59.0,87,40,31.09,1524276000
Lithakia,GR,258241,37.72,20.83,60.8,67,20,4.7,1524277200
Nijar,ES,2513222,36.97,-2.21,66.2,52,76,6.93,1524277800
Nantucket,US,4944903,41.28,-70.1,44.6,70,20,9.17,1524275760
Clemmons,US,4461015,36.02,-80.38,55.4,61,1,10.6,1524277200
Ukiah,US,5404476,39.15,-123.21,66.2,32,1,11.41,1524275760
Korla,CN,1529376,41.76,86.15,53.95,42,76,3.33,1524278387
Pahrump,US,5509851,36.21,-115.98,77.0,12,1,6.93,1524275880
Lindsay,US,5366604,36.2,-119.09,73.4,37,1,4.7,1524275760
Methoni,GR,257122,36.82,21.7,64.4,36,75,11.41,1524277200
Kargil,IN,1267776,34.57,76.1,21.19,94,68,0.87,1524278388
Crossville,US,4616470,35.95,-85.03,53.6,30,1,6.93,1524276900
Ponca City,US,4548267,36.73,-97.07,60.8,31,90,11.41,1524276900
Mikuni,JP,1857260,36.22,136.15,84.2,14,20,14.99,1524276000
Ridgecrest,US,5387494,35.62,-117.67,80.6,8,1,8.05,1524275760
Kamaishi,JP,2112444,39.28,141.86,71.6,37,0,4.7,1524276000
Dawlatabad,AF,1142226,36.41,64.91,53.5,67,0,5.06,1524278389
Chitral,PK,1181065,35.85,71.79,15.61,89,32,0.54,1524278389
Raton,US,5486795,36.9,-104.44,37.4,93,1,17.22,1524275640
Cedar City,US,5536630,37.68,-113.06,48.2,57,1,6.35,1524275580
Saint George,US,4406895,38.54,-90.31,53.6,37,1,6.93,1524276900
Yuksekova,TR,296173,37.57,44.29,55.4,76,20,11.41,1524276000
Carthage,US,4679272,32.16,-94.34,57.2,81,1,7.14,1524276900
Zanjan,IR,111453,36.67,48.48,44.95,88,44,3.38,1524278390
Hami,CN,1529484,42.84,93.51,59.71,39,88,3.83,1524278391
Seoul,KR,1835848,37.57,126.98,77.0,20,0,5.82,1524276000
Algiers,DZ,2507480,36.75,3.04,55.4,100,0,8.05,1524276000
Shache,CN,1280037,38.42,77.24,48.28,100,92,4.5,1524278391
Virginia Beach,US,4791259,36.85,-75.98,48.2,70,1,4.79,1524275940
Murgab,TM,1218612,37.5,61.97,51.8,66,0,4.7,1524276000
Sayat,TM,1218436,38.78,63.88,57.2,54,0,11.41,1524276000
Pueblo,US,5435464,38.25,-104.61,42.8,75,90,25.28,1524277380
Suibara,JP,1851494,37.83,139.23,77.0,29,0,14.99,1524276000
Radcliff,US,4305504,37.84,-85.95,57.2,49,1,3.36,1524276900
Bolivar,US,4377835,37.61,-93.41,57.2,22,1,10.29,1524275520
Dongying,CN,1812101,37.43,118.67,83.74,48,8,15.46,1524278452
Fredericksburg,US,4760059,38.3,-77.46,53.6,37,1,4.7,1524276900
Liverpool,CA,6057856,44.04,-64.71,37.48,93,12,11.43,1524278453
Denizli,TR,317106,37.77,29.09,46.4,61,75,11.41,1524275400
Fallon,US,5681948,46.84,-105.12,55.4,43,1,4.7,1524275760
Ramsar,IR,9874,36.92,50.64,53.6,87,90,9.26,1524276000
Longkou,CN,1802550,37.64,120.47,68.62,50,0,13.96,1524278454
Kaparellion,GR,261132,38.23,23.22,59.0,58,20,13.87,1524277200
Yamada,JP,1849876,36.58,137.08,84.2,22,0,5.82,1524276000
Aksu,CN,1529660,41.12,80.26,46.3,88,92,2.55,1524278454
Elbistan,TR,315795,38.2,37.19,36.04,67,24,6.4,1524278454
Port Hawkesbury,CA,6111867,45.62,-61.36,28.4,92,90,16.11,1524276360
Cascais,PT,2269594,38.7,-9.42,59.0,93,20,3.36,1524276000
Colares,PT,2269142,38.8,-9.45,59.0,93,20,3.36,1524276000
Cambridge,US,4886374,41.3,-90.19,53.6,34,1,4.83,1524276900
Baherden,TM,162158,38.44,57.43,59.71,57,12,5.57,1524278456
Afsin,TR,325304,38.25,36.91,36.04,67,24,6.4,1524278456
Shiloh,US,4249910,38.56,-89.9,53.6,37,1,6.93,1524276900
Yuanping,CN,1786060,38.72,112.71,58.27,98,92,3.11,1524278457
Solhan,TR,300377,38.97,41.05,42.8,93,75,2.24,1524275400
Mastic Beach,US,5126209,40.77,-72.85,42.8,52,1,17.22,1524275760
Cumberland,US,5221703,41.97,-71.43,46.4,48,1,7.02,1524276900
Redlands,US,5386754,34.06,-117.19,75.2,40,5,9.17,1524275880
Gumdag,TM,161943,39.2,54.59,57.19,56,44,2.26,1524278459
Connersville,US,4256085,39.64,-85.14,48.2,75,1,3.36,1524276900
North Platte,US,5697939,41.12,-100.77,41.0,86,90,11.41,1524275580
Dingzhou,CN,1812728,38.51,115.0,66.2,93,90,6.71,1524276000
Kodiak,US,4407665,39.95,-94.76,57.2,30,1,6.93,1524275580
Gazli,UZ,1513990,40.13,63.45,56.47,48,0,14.45,1524278460
Samarkand,UZ,1216265,39.65,66.98,48.2,70,0,6.93,1524276000
Alboraya,ES,2522203,39.5,-0.35,53.6,87,20,3.36,1524276000
Dandong,CN,2037886,40.12,124.37,62.32,56,0,7.74,1524278460
Seydi,TM,1218420,39.48,62.91,58.72,48,0,17.2,1524278461
Yarmouth,CA,6185217,43.84,-66.12,35.6,93,5,6.93,1524276000
Sorrento,IT,3166350,40.63,14.37,62.6,67,0,1.12,1524277200
Fengzhen,CN,2037391,40.43,113.15,58.09,86,88,9.31,1524278461
Fengcheng,CN,2037411,40.45,124.07,62.32,56,0,7.74,1524278461
Panjakent,TJ,1220798,39.5,67.61,48.2,70,0,6.93,1524276000
Alghero,IT,3183284,40.56,8.32,50.0,100,0,1.12,1524277200
Butler,US,4918595,41.43,-84.87,48.2,60,1,8.25,1524276900
Hazorasp,UZ,1513957,41.32,61.08,53.6,50,0,13.87,1524276000
Linjiang,CN,2036069,41.81,126.91,66.19,50,12,5.61,1524278523
Tarancon,ES,3108317,40.01,-3.01,53.6,71,0,4.7,1524276000
Urbana,US,4914570,40.11,-88.21,50.0,36,1,5.82,1524276900
Dongsheng,CN,1788268,29.72,112.52,72.04,96,88,16.98,1524278523
Kuandian,CN,2036283,40.73,124.78,61.6,60,0,7.29,1524278523
Shitanjing,CN,1794971,39.23,106.34,63.22,38,80,3.33,1524278523
Payson,US,5779548,40.04,-111.73,55.4,58,75,3.36,1524276900
Greeley,US,5577592,40.42,-104.71,44.6,86,90,16.11,1524276780
Sitka,US,4267710,37.17,-99.65,49.99,93,92,6.06,1524278524
Muscatine,US,4868404,41.42,-91.04,51.8,34,1,7.81,1524276900
Arcata,US,5558953,40.87,-124.08,55.4,71,1,16.11,1524275700
Lagoa,PT,2267254,37.14,-8.45,59.0,93,20,13.87,1524277800
Jinchang,CN,1805733,38.52,102.19,56.02,59,0,3.49,1524278526
Balkanabat,TM,161616,39.51,54.36,54.22,47,88,2.71,1524278526
Eureka,US,5563397,40.8,-124.16,55.4,71,1,16.11,1524275700
Winnemucca,US,5710360,40.97,-117.74,64.4,17,1,2.37,1524275760
Peniche,PT,2264923,39.36,-9.38,59.0,93,20,3.36,1524277800
Durusu,TR,301431,37.53,40.83,53.6,93,0,3.36,1524275400
Kastamonu,TR,743882,41.38,33.78,39.2,100,75,4.7,1524275400
Peqin,AL,3184497,41.05,19.75,51.8,76,0,1.12,1524277200
Siniscola,IT,3166509,40.57,9.69,59.0,82,0,12.75,1524277200
Olean,US,5129780,42.08,-78.43,33.8,86,1,3.56,1524276900
Twin Falls,US,5610810,42.57,-114.46,60.8,30,1,14.99,1524275580
Provideniya,RU,4031574,64.42,-173.23,25.42,100,0,20.67,1524278528
Centerville,US,5772654,40.92,-111.87,60.8,43,1,4.7,1524276900
Maryville,US,5056172,40.35,-94.87,57.2,35,1,4.7,1524276900
Charlestown,US,5221384,41.38,-71.64,46.4,48,1,5.82,1524276900
Gazojak,TM,1514792,41.19,61.4,57.82,51,0,15.64,1524278529
Bethel,US,5880568,60.79,-161.76,41.0,44,90,12.75,1524275580
Muros,ES,3115824,42.77,-9.06,57.2,76,0,6.93,1524277800
Shunyi,CN,2034754,40.13,116.65,62.6,93,75,2.24,1524276000
Sanary-sur-Mer,FR,2976258,43.12,5.8,60.8,63,0,5.82,1524277800
Tomino,ES,3108000,41.99,-8.76,64.4,55,0,1.12,1524277800
Dongling,CN,1804979,32.28,121.37,68.98,74,92,16.2,1524278531
Zhanaozen,KZ,607610,43.35,52.85,51.52,69,92,9.93,1524278260
Rawlins,US,5836068,41.79,-107.24,33.8,100,92,14.9,1524277020
Makhinjauri,GE,613125,41.67,41.69,50.0,87,75,8.05,1524276000
Bowling Green,US,4285268,36.99,-86.44,55.4,51,1,3.36,1524276900
Aspindza,GE,615660,41.57,43.25,30.1,84,88,2.48,1524278532
Akdepe,TM,601551,42.05,59.39,55.4,43,0,6.93,1524276000
Grafton,US,5059419,48.41,-97.41,46.4,49,1,5.82,1524276900
Bafra,TR,751335,41.57,35.91,51.8,81,75,14.99,1524275400
Dubuque,US,4854529,42.5,-90.66,51.8,40,1,3.36,1524276900
Batavia,US,5108093,43.0,-78.19,39.2,55,1,9.17,1524275640
Zhangjiakou,CN,2033196,40.77,114.88,55.75,100,100,6.35,1524278533
Kuryk,KZ,609919,43.18,51.68,52.06,86,88,12.88,1524278533
Yankton,US,5233053,42.87,-97.4,46.4,75,1,10.29,1524275760
Preobrazheniye,RU,2017658,42.9,133.91,67.99,43,0,6.4,1524278534
Coos Bay,US,5720495,43.37,-124.22,51.8,76,1,8.05,1524276900
Verkhniy Fiagdon,RU,475003,42.83,44.31,19.93,100,44,1.88,1524278594
Hovd,MN,1516048,48.01,91.64,41.62,40,0,4.27,1524278594
Jiayuguan,CN,1280957,39.77,98.29,46.93,85,0,8.03,1524278595
Balaguer,ES,3128978,41.79,0.81,45.67,83,0,3.38,1524278436
Chifeng,CN,2038067,42.27,118.96,48.82,100,92,9.93,1524278595
Narbonne,FR,6453642,43.18,3.0,53.6,87,0,1.21,1524277800
Beyneu,KZ,610298,45.32,55.19,48.82,85,56,3.11,1524278595
Port Hardy,CA,6111862,50.7,-127.42,48.2,76,90,17.22,1524276000
North Bend,US,5742974,43.41,-124.22,51.8,76,1,8.05,1524276900
Torrington,US,5841207,42.06,-104.18,37.4,100,90,11.41,1524277200
Zharkent,KZ,1520253,44.17,80.0,42.07,59,64,1.81,1524278597
Rupert,US,5606000,42.62,-113.68,60.8,33,1,10.29,1524275580
Watertown,US,5232741,44.9,-97.12,42.8,81,1,5.82,1524276900
Erenhot,CN,2037485,43.65,111.97,48.91,61,48,15.35,1524278597
Redmond,US,5808079,47.67,-122.12,57.2,44,90,6.93,1524276900
Beipiao,CN,2038342,41.8,120.76,58.72,90,100,9.6,1524278597
Bermeo,ES,3128174,43.42,-2.72,66.2,52,0,6.93,1524277800
Kurdzhinovo,RU,538879,43.99,40.96,30.73,96,76,1.32,1524278598
Uhlove,UA,690820,44.82,33.6,46.39,94,0,8.86,1524278598
Burton,US,4987482,43.0,-83.62,46.4,56,1,4.61,1524276960
Tongliao,CN,2034400,43.61,122.27,49.99,87,92,19.89,1524278599
Shihezi,CN,1529195,44.3,86.03,57.73,32,32,4.0,1524278599
Marshall,US,4243951,39.39,-87.69,51.8,39,1,5.82,1524276900
Yuzhno-Kurilsk,RU,2119447,44.03,145.86,45.85,76,88,13.89,1524278599
Yining,CN,1786538,29.04,114.56,76.72,74,88,6.24,1524278600
Worthington,US,5053460,43.62,-95.6,39.2,79,90,3.36,1524277320
Jackson,US,4632595,35.61,-88.82,59.0,33,1,4.7,1524276900
Comacchio,IT,3178245,44.7,12.18,53.41,83,0,3.83,1524278600
Marystown,CA,6067472,47.17,-55.16,35.32,99,80,20.45,1524278601
Sudak,UA,692315,44.85,34.97,45.49,97,0,5.79,1524278601
Praia da Vitoria,PT,3372760,38.73,-27.07,60.8,93,75,12.28,1524276000
Sarlat-la-Caneda,FR,2976007,44.89,1.22,50.0,81,0,2.24,1524277800
Chernigovka,RU,2025489,44.34,132.57,57.91,77,88,13.78,1524278601
Wingham,CA,6183141,43.89,-81.31,22.54,75,0,3.49,1524278602
Southampton,CA,5883906,44.49,-81.38,30.2,74,5,4.7,1524276000
Otradnoye,RU,513898,59.77,30.8,46.4,87,40,4.47,1524276000
Georgiyevka,KZ,1524243,43.04,74.71,49.09,60,0,2.82,1524278602
Darhan,MN,2031964,49.49,105.92,38.29,100,92,10.42,1524278602
Zaozerne,UA,702421,51.37,23.94,47.47,74,0,13.56,1524278603
Weiser,US,5611730,44.25,-116.97,69.8,21,1,4.7,1524275580
Sturlic,BA,3189602,45.06,15.78,44.41,77,0,2.21,1524278603
Shieli,KZ,1524801,44.18,66.74,55.03,49,12,6.51,1524278603
Yoichi,JP,2129218,43.19,140.77,56.92,69,0,14.9,1524278604
Pierre,US,5767918,44.37,-100.35,42.8,93,90,12.75,1524275580
Zhanakorgan,KZ,1517323,43.91,67.25,54.67,47,0,11.27,1524278328
Movileni,RO,677697,45.4,27.97,48.2,76,92,11.41,1524277800
Terney,RU,2015352,45.05,136.61,53.86,68,24,9.64,1524278664
Bosanska Dubica,BA,3203657,45.18,16.81,44.6,87,0,4.7,1524277800
Villaviciosa,ES,3104707,43.48,-5.43,53.6,100,90,5.82,1524277800
Kulevcha,UA,705442,46.03,29.93,48.01,76,32,8.37,1524278665
Ucluelet,CA,6171633,48.94,-125.55,37.48,100,92,2.55,1524278665
Mishan,CN,2035746,45.55,131.88,49.99,86,92,11.77,1524278665
Baruun-Urt,MN,2032614,46.68,113.28,43.96,34,56,14.34,1524278666
Yurovka,RU,466314,45.11,37.42,42.8,93,8,4.47,1524276000
Newport,US,5223593,41.49,-71.31,46.4,45,90,12.75,1524276900
Astoria,US,5711847,46.19,-123.83,51.8,71,90,9.17,1524275700
La Rochelle,FR,3006787,46.16,-1.15,59.0,77,0,6.93,1524277800
Moron,MN,2029947,47.38,110.32,42.97,40,88,10.31,1524278667
Parry Sound,CA,6098747,45.34,-80.04,23.89,85,0,1.81,1524278667
Cornwall,CA,5928065,45.02,-74.73,39.2,69,90,4.7,1524276900
Krasne,UA,704277,49.91,24.61,41.0,86,0,4.47,1524276000
Novikovo,RU,487928,51.15,37.89,37.75,86,0,8.59,1524278668
Belgrade,US,5639364,45.77,-111.18,57.2,35,1,8.05,1524276900
Dneprovskaya,RU,565892,45.62,38.81,49.27,82,68,7.92,1524278668
Huanan,CN,2036753,46.24,130.56,48.64,70,92,10.54,1524278668
Baijiantan,CN,1529626,45.63,85.18,54.04,49,0,8.41,1524278668
Primorsko-Akhtarsk,RU,505259,46.05,38.18,50.17,96,0,11.65,1524278669
Zalalovo,HU,3042617,46.85,16.59,51.16,75,0,5.61,1524278669
Plaster Rock,CA,7290171,46.91,-67.4,37.4,64,90,10.29,1524275760
Svetlaya,RU,2015852,46.54,138.33,51.25,65,24,7.92,1524278669
Bismarck,US,5688025,46.81,-100.78,51.8,61,20,12.75,1524276900
Harkany,HU,3051718,45.85,18.24,44.6,75,0,5.82,1524277800
Bay Roberts,CA,5895424,47.58,-53.28,33.8,91,75,21.92,1524276000
Hailar,CN,2037078,49.2,119.7,44.14,47,44,11.43,1524278599
Moscow,US,5601538,46.73,-117.0,64.4,44,1,4.7,1524275760
Altay,CN,1529651,47.83,88.13,34.06,67,0,3.04,1524278670
Kurilsk,RU,2123979,45.23,147.88,42.16,92,92,7.25,1524278671
Biharia,RO,671768,47.15,21.92,42.8,81,0,5.82,1524277800
Gorban,RO,676920,46.88,28.08,46.4,75,0,3.36,1524277800
Quimper,FR,2984701,48.0,-4.1,57.2,82,0,4.7,1524277800
Vostok,RU,2013279,46.45,135.83,48.64,100,100,5.01,1524278672
Cervo,ES,3125287,43.67,-7.41,55.93,95,8,3.49,1524278672
Cholet,FR,3025053,47.06,-0.88,60.8,72,0,5.82,1524277800
Cloquet,US,5021632,46.72,-92.46,48.2,36,1,4.7,1524278100
Carquefou,FR,3028535,47.3,-1.49,60.8,77,0,2.24,1524277800
Orhei,MD,617638,47.39,28.83,46.4,65,0,3.38,1524277800
Saint-Michel-des-Saints,CA,6138802,46.68,-73.92,31.09,72,32,7.85,1524278673
Englehart,CA,5948844,47.82,-79.87,35.6,43,1,5.82,1524276000
Marquette,US,5000947,46.54,-87.4,44.6,30,1,4.7,1524277080
Chapleau,CA,5919915,47.85,-83.4,23.89,76,0,1.88,1524278673
Taikang,CN,2034600,46.86,124.44,53.14,58,0,14.41,1524278674
Zaysan,KZ,1517060,47.47,84.87,45.85,58,0,1.59,1524278674
Kurchum,KZ,1521762,48.57,83.65,43.69,87,0,3.71,1524278674
Liezen,AT,2772480,47.57,14.24,34.78,81,0,1.99,1524278674
Cheney,US,5789856,47.49,-117.58,60.8,61,1,6.93,1524275880
Balkhash,KZ,1525798,46.84,74.98,45.4,82,0,11.39,1524278675
Shelton,US,5810176,47.22,-123.1,57.2,54,75,3.83,1524278100
Clermont,CA,6945986,47.69,-70.23,34.69,90,48,8.25,1524278735
Dingle,IE,2964782,52.14,-10.27,45.31,100,0,6.91,1524278735
Manzhouli,CN,2035836,49.6,117.43,45.04,33,48,6.51,1524278736
Atikokan,CA,5888001,48.76,-91.62,35.86,69,68,3.22,1524278736
Epinal,FR,3020035,48.18,6.45,57.2,93,0,3.36,1524277800
Ripiceni,RO,668849,47.95,27.13,46.4,70,0,11.41,1524277800
Osoyoos,CA,6094665,49.03,-119.47,64.4,38,90,10.29,1524276000
Shubarkuduk,KZ,608271,49.15,56.49,46.39,100,88,12.1,1524278737
Babstovo,RU,2027277,48.12,132.48,55.57,35,44,11.65,1524278737
Ulaangom,MN,1515029,49.98,92.07,33.52,71,0,2.89,1524278737
Murdochville,CA,6943820,48.96,-65.49,28.66,75,88,12.1,1524278737
Abay,KZ,1526970,49.63,72.87,44.6,65,0,15.66,1524276000
Erzin,RU,1506938,50.26,95.16,37.03,39,0,3.27,1524278738
Killarney,CA,5991907,49.18,-99.66,44.6,70,1,10.29,1524276900
Cap-aux-Meules,CA,5915327,47.38,-61.86,30.2,92,75,17.22,1524276000
Milyutinskaya,RU,526504,48.63,41.67,40.72,90,0,9.53,1524278738
Erdenet,MN,2031405,49.03,104.04,40.18,77,80,3.6,1524278738
Riviere-au-Renard,CA,6943832,49.0,-64.4,32.0,97,90,5.82,1524276000
Zhezkazgan,KZ,1516589,47.8,67.71,48.2,49,90,20.13,1524276000
Aktash,RU,1511997,50.31,87.6,26.59,71,0,2.55,1524278739
Bulgan,MN,2032201,48.81,103.53,42.97,73,48,3.89,1524278739
Atasu,KZ,1526041,48.68,71.64,46.57,67,20,14.29,1524278740
Dubovka,RU,564654,49.06,44.83,42.8,87,75,11.18,1524276000
Melita,CA,6071900,49.27,-100.98,38.92,72,0,10.54,1524278740
Les Escoumins,CA,6955478,48.35,-69.4,31.0,77,36,6.58,1524278740
Albanel,CA,5883074,48.88,-72.44,37.4,55,90,14.99,1524276000
Hope,CA,5976783,49.38,-121.43,50.0,87,90,3.36,1524276000
Penzance,GB,2640377,50.12,-5.53,48.2,76,0,10.29,1524275400
Steinbach,CA,6156102,49.53,-96.69,50.0,53,20,13.87,1524276000
Ayagoz,KZ,1525988,47.96,80.43,44.86,51,0,4.34,1524278741
Dombarovskiy,RU,565407,50.76,59.54,47.02,99,76,11.95,1524278741
Trier,DE,2821164,49.76,6.64,62.6,63,12,11.41,1524277200
Raymond,CA,6117675,49.47,-112.67,53.6,40,75,9.17,1524276000
Krasnokamensk,RU,2021618,50.1,118.04,45.31,40,24,4.27,1524278742
Matagami,CA,6067747,49.76,-77.63,26.6,68,1,8.05,1524276000
Bonavista,CA,5905393,48.65,-53.11,34.51,91,36,15.12,1524278742
Souris,CA,6151455,46.36,-62.25,30.2,86,90,8.05,1524276000
Oktyabrskiy,RU,515873,55.61,37.97,48.2,78,0,6.71,1524276000
Dobronin,CZ,3077001,49.48,15.65,57.2,81,0,6.93,1524276000
Thunder Bay,CA,6166142,48.41,-89.26,39.2,55,75,2.24,1524276000
Bodmin,GB,2655273,50.47,-4.72,48.2,76,0,10.29,1524275400
Nelson,CA,6086871,49.49,-117.29,60.8,36,75,4.7,1524276000
Derzhavinsk,KZ,1524606,51.1,66.31,51.07,82,92,13.96,1524278744
Neepawa,CA,6086673,50.23,-99.46,46.4,61,20,9.17,1524276000
Khromtau,KZ,609404,50.26,58.44,46.39,100,68,13.62,1524278744
Lyubar,UA,702486,49.92,27.76,41.8,90,0,8.52,1524278744
Bow Island,CA,5906757,49.87,-111.38,59.0,26,90,4.7,1524276000
Maintal,DE,2874230,50.14,8.84,51.8,93,0,2.24,1524277200
Aleksandrov Gay,RU,583345,50.14,48.57,38.2,89,12,17.2,1524278805
Caronport,CA,5917430,50.46,-105.81,43.51,73,24,9.82,1524278805
Invermere,CA,5983626,50.51,-116.03,38.11,64,12,1.59,1524278805
Gusinoye Ozero,RU,2023778,51.11,106.26,41.44,100,92,6.24,1524278805
Vorobyevka,RU,472113,50.65,40.92,35.41,83,0,5.28,1524278806
Genhe,CN,2037252,50.78,121.52,39.37,44,8,7.63,1524278806
Port-Cartier,CA,6111696,50.03,-66.88,35.6,34,75,8.05,1524276000
Krasnopillya,UA,704343,50.77,35.26,38.65,77,0,8.86,1524278806
Chingirlau,KZ,610091,51.09,54.08,44.86,100,92,13.85,1524278806
Belogorsk,RU,2026895,50.92,128.47,50.08,42,8,16.64,1524278807
Lisakovsk,KZ,1521315,52.55,62.49,47.65,91,92,15.68,1524278807
Rovnoye,RU,501091,50.78,46.06,35.59,80,0,14.63,1524278807
Campbell River,CA,5914132,50.02,-125.24,48.2,93,90,18.34,1524277560
Geraldton,CA,5960603,49.72,-86.95,37.4,37,5,5.23,1524276000
Katangli,RU,2122783,51.71,143.23,31.09,100,92,16.08,1524278808
Saint-Augustin,CA,6138501,45.63,-73.98,44.6,48,75,2.24,1524276000
Williams Lake,CA,6182212,52.13,-122.14,44.6,65,90,13.87,1524276000
Chemal,RU,1508285,51.41,86.0,45.67,49,0,2.77,1524278808
Kapuskasing,CA,5989403,49.42,-82.43,35.6,43,5,3.36,1524276000
Atbasar,KZ,1526038,51.81,68.36,46.48,93,88,11.77,1524278809
Sittingbourne,GB,2637802,51.34,0.73,53.6,87,0,10.29,1524277200
Ulagan,RU,1488048,50.63,87.96,28.84,62,0,2.89,1524278809
Ozernovskiy,RU,2122293,51.5,156.52,31.54,93,0,3.6,1524278810
Chapais,CA,5919850,49.78,-74.86,32.0,85,90,8.05,1524276000
Dergachi,RU,566456,51.24,48.77,36.04,88,8,16.58,1524278810
Saryg-Sep,RU,1492948,51.49,95.55,37.12,62,0,3.11,1524278810
Havre-Saint-Pierre,CA,5972291,50.23,-63.6,32.0,88,90,16.11,1524276000
Revelstoke,CA,6121621,50.99,-118.19,51.8,50,90,5.82,1524276000
Nanortalik,GL,3421765,60.14,-45.24,32.89,92,88,1.88,1524278811
Vestmannaeyjar,IS,3412093,63.44,-20.27,43.42,97,76,6.62,1524278811
Beringovskiy,RU,2126710,63.05,179.32,28.21,100,8,15.68,1524278811
Muchkapskiy,RU,524627,51.85,42.48,34.96,87,0,3.38,1524278811
Buribay,RU,570813,51.96,58.16,46.3,100,64,10.65,1524278812
Anna,RU,581671,51.48,40.43,35.41,81,0,2.89,1524278812
Tahe,CN,2034615,52.34,124.71,41.62,31,0,8.86,1524278812
Tankhoy,RU,2015576,51.55,105.12,34.51,90,92,5.39,1524278812
Prince Rupert,CA,6113406,54.32,-130.32,42.8,93,90,10.29,1524276000
Mayna,RU,1499158,53.0,91.49,41.98,66,0,2.1,1524278813
Sioux Lookout,CA,6148373,50.1,-91.92,48.2,47,75,3.6,1524276000
Peterborough,GB,2640354,52.57,-0.24,51.8,81,0,6.93,1524275760
Novosergiyevka,RU,517982,52.08,53.65,32.89,95,44,17.47,1524278813
Kaz,RU,1489779,53.11,87.55,46.39,57,8,3.22,1524278814
Skegness,GB,2637762,53.14,0.34,48.2,81,0,1.12,1524277200
Hellendoorn,NL,2759887,52.39,6.45,50.0,93,90,2.24,1524277500
Russkiy Kameshkir,RU,500400,52.86,46.09,29.65,86,8,3.78,1524278814
Kalikino,RU,554297,52.95,39.83,38.2,82,24,7.85,1524278814
Lazarev,RU,2123836,52.23,141.51,35.68,87,88,10.94,1524278815
Vershino-Darasunskiy,RU,2013442,52.35,115.52,47.29,41,0,4.61,1524278815
Sept-Iles,CA,6144312,50.2,-66.38,35.6,34,75,8.05,1524276000
Hudson Bay,CA,5978133,52.86,-102.4,38.47,87,8,6.13,1524278815
Grindavik,IS,3416888,63.84,-22.43,42.8,100,90,4.7,1524276000
Askiz,RU,1511304,53.13,90.53,44.95,64,0,3.83,1524278876
Lac du Bonnet,CA,6014443,50.25,-96.06,38.11,72,0,5.12,1524278877
Pinsk,BY,623549,52.11,26.1,45.76,79,0,12.33,1524278877
Swan River,CA,6160362,52.11,-101.27,36.4,82,44,6.91,1524278877
Qostanay,KZ,1519928,53.17,63.58,46.4,87,90,13.42,1524276000
Yermakovskoye,RU,1485904,53.28,92.4,45.22,77,0,4.38,1524278878
Komsomolets,KZ,1522348,53.75,62.07,38.83,100,88,13.18,1524278878
Shumyachi,RU,493405,53.86,32.43,46.39,77,48,13.89,1524278878
Cheremkhovo,RU,2025527,53.15,103.07,42.7,85,12,9.93,1524278878
Zarinsk,RU,1485439,53.71,84.95,41.71,75,88,8.37,1524278879
Sobolevo,RU,525426,54.43,31.9,47.47,84,48,15.41,1524278879
Sterlitamak,RU,487495,53.63,55.95,28.75,92,24,17.69,1524278879
Shelabolikha,RU,1492281,53.41,82.62,39.2,64,0,15.66,1524276000
Rhyl,GB,2639409,53.32,-3.49,46.4,87,0,4.7,1524277200
Jork,DE,2894702,53.53,9.68,50.0,87,0,8.05,1524277200
Chernogorsk,RU,1508054,53.83,91.31,41.0,60,0,6.71,1524276000
Orlik,RU,1496073,52.51,99.83,28.75,78,12,2.37,1524278880
Petropavlovsk-Kamchatskiy,RU,2122104,53.05,158.65,37.4,47,20,2.24,1524276000
Vanderhoof,CA,6173361,54.02,-124.02,38.74,99,92,3.04,1524278881
Verkh-Usugli,RU,2013459,52.7,115.17,45.67,30,0,3.49,1524278881
Kendal,GB,2645826,54.33,-2.75,40.0,94,0,2.33,1524278881
Yerofey Pavlovich,RU,2012938,53.97,121.97,39.28,34,0,3.38,1524278881
Moose Factory,CA,6078372,51.26,-80.61,19.4,100,1,3.36,1524276000
Prince George,CA,6113365,53.92,-122.75,44.6,75,90,5.82,1524276000
Kuragino,RU,1501356,53.89,92.68,44.41,81,0,4.61,1524278882
Magadan,RU,2123628,59.56,150.8,37.4,47,40,4.47,1524276000
Kachiry,KZ,1523662,53.07,76.1,50.26,75,76,13.33,1524278882
Okha,RU,2122614,53.59,142.95,29.11,100,8,12.88,1524278882
Masty,BY,625367,53.42,24.54,49.09,69,0,16.08,1524278882
Tasiilaq,GL,3424607,65.61,-37.64,33.8,80,64,5.82,1524275400
Fort Saint James,CA,5881688,54.43,-124.25,37.75,98,92,2.48,1524278883
Sokolka,PL,758651,53.41,23.5,50.35,66,0,15.79,1524278883
Tirlyanskiy,RU,482761,54.22,58.58,29.47,95,92,10.04,1524278883
Nowy Dwor Gdanski,PL,3090502,54.21,19.12,57.2,67,0,13.87,1524277800
Mogocha,RU,2019912,53.73,119.76,39.37,29,0,3.38,1524278884
Pronsk,RU,504717,54.12,39.61,38.47,77,48,11.32,1524278884
Bagdarin,RU,2027244,54.44,113.59,38.02,22,36,3.49,1524278884
Mackenzie,CA,6063191,55.34,-123.09,42.8,72,40,10.29,1524276000
Thompson,CA,6165406,55.74,-97.86,46.4,33,75,5.82,1524276000
Heide,DE,2908032,54.19,9.09,46.4,100,0,6.93,1524277200
Harlingen,NL,2754817,53.18,5.41,48.2,100,0,4.7,1524277500
Flin Flon,CA,5954718,54.77,-101.88,38.65,74,0,5.57,1524278886
Slave Lake,CA,6149374,55.28,-114.77,46.4,52,75,4.7,1524276000
Grande Prairie,CA,5964347,55.17,-118.79,41.0,60,75,5.82,1524276000
Balakhta,RU,1510998,55.38,91.62,43.24,68,0,9.93,1524278887
Chik,RU,1507873,54.99,82.44,44.6,56,40,13.42,1524276000
Buinsk,RU,571155,54.97,48.29,27.31,83,12,2.77,1524278887
Westport,IE,2960970,53.8,-9.52,42.34,96,0,6.58,1524278887
Dovolnoye,RU,1507220,54.5,79.67,51.79,62,64,16.69,1524278948
Zeya,RU,2012593,53.74,127.27,40.18,37,0,5.91,1524278948
Aginskoye,RU,2028078,51.11,114.54,47.38,49,8,5.01,1524278948
Barabinsk,RU,1510916,55.35,78.35,49.72,70,76,19.37,1524278948
Murmino,RU,524298,54.6,40.05,38.29,64,56,13.56,1524278948
Kamskiye Polyany,RU,553350,55.43,51.42,24.8,73,0,6.71,1524276000
Arman,RU,2127060,59.7,150.17,37.4,47,40,4.47,1524276000
Tynda,RU,2014718,55.15,124.74,35.5,37,8,6.73,1524278949
Great Yarmouth,GB,2647984,52.61,1.73,44.6,100,0,2.24,1524277200
Nizhnyaya Poyma,RU,1497397,56.16,97.2,44.86,51,12,5.23,1524278949
Ignalina,LT,598998,55.34,26.16,51.61,72,20,19.22,1524278950
La Ronge,CA,6050066,55.1,-105.3,53.6,87,5,9.17,1524276000
Vengerovo,RU,1487615,55.68,76.74,41.08,86,92,16.64,1524278950
Klaipeda,LT,598098,55.72,21.12,46.4,87,0,5.82,1524277200
Krasnoyarka,RU,1502041,55.33,73.1,51.8,50,40,13.42,1524276000
Goryachegorsk,RU,1491519,55.41,88.92,39.55,72,76,9.82,1524278951
Novaya Zaimka,RU,1496588,56.49,66.92,27.94,95,92,17.47,1524278951
Palmer,US,5871146,61.6,-149.11,44.6,93,90,4.7,1524278220
Chumikan,RU,2025256,54.72,135.31,37.21,80,88,3.83,1524278951
Shadrinsk,RU,1492517,56.09,63.63,28.75,98,92,16.98,1524278951
Krasnyy Oktyabr,RU,541549,56.12,38.88,43.15,89,100,13.96,1524278952
Terrace,CA,6162949,54.52,-128.61,42.8,87,90,5.82,1524276000
Shestakovo,RU,2016733,56.49,103.96,44.77,37,0,3.71,1524278952
Sovetskiy,RU,490040,56.76,48.47,23.98,66,0,3.38,1524278952
Nelidovo,RU,522775,56.22,32.78,51.25,79,56,16.46,1524278952
Ketchikan,US,5554428,55.34,-131.65,42.8,87,90,11.41,1524275760
Visby,SE,2662689,57.64,18.3,46.4,81,0,13.87,1524277200
Yarkovo,RU,1486371,54.81,82.6,44.6,56,40,13.42,1524276000
Carndonagh,IE,2965761,55.25,-7.27,43.24,88,0,3.49,1524278953
Rudnogorsk,RU,2017378,57.27,103.75,43.69,47,0,4.34,1524278954
Markova,RU,2023469,52.21,104.21,37.4,81,75,6.71,1524276000
Sosnovka,RU,490323,53.23,41.37,34.69,76,32,3.78,1524278954
Nybro,SE,2687902,56.75,15.91,55.4,71,0,12.75,1524277200
Tigil,RU,2120612,57.8,158.67,30.55,95,88,9.26,1524278955
Ulkan,RU,2020208,57.24,107.32,43.51,39,0,3.38,1524278955
Novobirilyussy,RU,1508260,56.95,90.69,40.45,62,80,12.55,1524278955
Krasnogorskoye,RU,542356,57.7,52.5,22.72,62,0,3.71,1524278955
Bolshaya Sosnova,RU,574620,57.67,54.6,20.92,83,0,5.06,1524278956
Ballina,IE,2966778,54.11,-9.15,37.3,100,0,4.83,1524278956
Strelka,RU,1490805,58.08,93.03,37.48,70,80,8.63,1524278956
Homer,US,5864145,59.64,-151.54,46.4,70,40,6.93,1524277500
Juneau,US,5554072,58.3,-134.42,44.6,70,75,8.05,1524275580
Navoloki,RU,523161,57.47,41.96,31.54,77,92,17.13,1524278957
Boguchany,RU,1509844,58.38,97.46,39.91,48,76,8.59,1524278957
Farsund,NO,3157799,58.09,6.8,43.24,94,68,10.83,1524278957
Karksi-Nuia,EE,589922,58.1,25.55,48.28,87,0,19.33,1524278957
Kovernino,RU,543494,57.13,43.81,30.73,55,76,9.04,1524278958
Iqaluit,CA,5983720,63.75,-68.52,15.8,92,75,14.99,1524276000
Krasnyy Yar,RU,541344,50.7,44.73,35.14,81,0,7.02,1524279018
Fort Nelson,CA,5955902,58.81,-122.69,53.6,14,40,11.41,1524276000
Petrokamenskoye,RU,1495144,57.72,60.65,26.5,71,68,8.14,1524279018
Ola,RU,2122574,59.58,151.3,37.4,47,40,4.47,1524276000
Ventspils,LV,454310,57.39,21.56,48.2,87,0,14.99,1524277200
Jonkoping,SE,2702979,57.78,14.16,46.4,70,0,9.17,1524277200
Motygino,RU,1498314,58.18,94.69,37.39,61,64,8.08,1524279019
Okhotsk,RU,2122605,59.36,143.24,33.52,80,88,4.23,1524279019
Ponazyrevo,RU,506696,58.36,46.31,22.81,62,36,6.06,1524279020
Ullapool,GB,2635199,57.9,-5.16,45.49,96,76,12.66,1524279020
Mendeleyevo,RU,527581,56.04,37.23,48.2,61,0,13.42,1524276000
Vesyegonsk,RU,473943,58.67,37.27,47.29,93,92,10.94,1524279020
Paamiut,GL,3421193,61.99,-49.67,29.92,100,48,8.41,1524279020
Athabasca,CA,5887916,54.72,-113.29,36.13,80,24,7.74,1524279021
Smithers,CA,6149996,54.78,-127.17,44.6,65,90,12.75,1524276000
Palana,RU,2122262,59.08,159.95,32.62,81,92,3.22,1524279021
Znamenskoye,RU,1485020,57.13,73.82,46.39,95,92,14.56,1524279021
Stornoway,GB,2636790,58.21,-6.39,44.6,93,36,8.05,1524277200
Haines Junction,CA,5969025,60.75,-137.51,27.67,72,0,4.05,1524279022
Lyubytino,RU,532463,58.81,33.39,49.99,76,76,9.26,1524279022
Chukhloma,RU,567695,58.76,42.68,27.94,83,92,16.91,1524279022
Golspie,GB,2648341,57.97,-3.98,42.8,100,0,9.17,1524277200
Salym,RU,1493162,60.06,71.48,23.17,72,20,4.34,1524279023
Maromitsa,RU,529051,59.87,48.01,19.12,72,24,2.37,1524279023
Tilichiki,RU,2120591,60.47,166.1,35.05,91,80,9.64,1524279023
Vitim,RU,2013375,59.44,112.57,37.21,48,44,4.0,1524279023
Imeni Babushkina,RU,556858,59.76,43.13,25.15,80,92,12.66,1524279023
Pangnirtung,CA,6096551,66.15,-65.72,13.99,91,44,7.25,1524279024
Hay River,CA,5972762,60.82,-115.79,41.0,56,75,5.82,1524276000
Nizhniy Kuranakh,RU,2019135,58.84,125.49,30.01,49,80,6.35,1524279024
Togur,RU,1489499,58.36,82.83,41.89,96,92,15.57,1524279024
Ulefoss,NO,3133402,59.29,9.26,46.4,61,0,5.82,1524277200
Kargasok,RU,1504382,59.06,80.87,43.24,98,92,10.27,1524279025
Anadyr,RU,2127202,64.73,177.51,30.2,68,0,4.47,1524276000
Yerbogachen,RU,2012956,61.28,108.01,35.23,53,36,7.63,1524279025
Hofn,IS,2630299,64.25,-15.21,40.18,100,80,6.58,1524279025
Solnechnyy,RU,2016307,50.72,136.64,47.11,55,8,14.18,1524279026
Suntar,RU,2015913,62.16,117.65,33.25,45,76,7.63,1524279026
Lipin Bor,RU,535113,60.26,37.97,38.74,91,88,5.35,1524279026
Voznesenye,RU,471160,61.02,35.48,38.47,91,92,5.39,1524279027
Teya,RU,1489656,60.37,92.63,35.05,77,88,11.77,1524279027
Ossora,RU,2122389,59.24,163.07,32.53,98,88,10.54,1524279027
Baykit,RU,1510689,61.68,96.39,31.45,87,88,11.83,1524279027
Hamina,FI,659169,60.57,27.2,44.6,100,90,1.12,1524277200
Gayny,RU,561698,60.3,54.33,18.22,75,12,3.33,1524279028
Garbolovo,RU,561999,60.34,30.5,46.4,87,40,4.47,1524276000
Evensk,RU,2125693,61.92,159.24,34.42,84,88,9.42,1524279028
Nome,US,4732862,30.04,-94.42,62.6,59,1,5.82,1524276900
Ust-Omchug,RU,2120047,61.13,149.63,27.49,70,80,3.49,1524279089
Sterling,US,4787534,39.0,-77.4,53.6,46,1,9.17,1524276900
Floro,NO,3156980,61.6,5.03,44.6,93,92,20.8,1524277200
Voloshka,RU,472387,61.33,40.09,27.4,91,80,15.3,1524279090
Maniitsoq,GL,3421982,65.42,-52.9,25.87,92,92,4.05,1524279090
Krasnoborsk,RU,542423,61.56,45.93,19.75,70,80,3.89,1524279090
Nyandoma,RU,516647,61.67,40.21,26.23,89,88,14.63,1524279090
Belyy Yar,RU,1510377,53.6,91.39,41.0,60,0,6.71,1524276000
Ovre Ardal,NO,3143034,61.32,7.8,31.54,91,76,5.01,1524279091
Lappeenranta,FI,648901,61.06,28.19,41.0,100,90,4.7,1524277200
Pitkyaranta,RU,509234,61.57,31.48,36.22,90,92,5.12,1524279092
Norman Wells,CA,6089245,65.28,-126.83,19.4,44,40,2.24,1524276000
Whitehorse,CA,6180550,60.72,-135.06,39.2,41,40,14.99,1524276000
Pudozh,RU,504269,61.81,36.54,33.79,97,92,7.81,1524279092
Anchorage,US,5879400,61.22,-149.89,44.6,86,90,10.29,1524278220
Nordfjordeid,NO,3144369,61.91,5.99,44.6,93,92,20.8,1524277200
Vilyuysk,RU,2013392,63.75,121.63,31.81,59,44,7.58,1524279093
Verkhnyaya Toyma,RU,474470,62.24,45.0,23.71,67,88,4.27,1524279093
Kholodnyy,RU,2124611,62.72,147.95,25.51,78,36,3.71,1524279093
Brae,GB,2654970,60.4,-1.35,44.6,93,88,13.87,1524277200
Harnosand,SE,2707684,62.63,17.94,35.6,100,0,3.36,1524277200
Oktyabrskoye,RU,1511846,56.73,85.44,44.59,88,92,11.54,1524279094
Yellowknife,CA,6185377,62.45,-114.38,30.2,63,20,11.41,1524276000
Ust-Nera,RU,2120048,64.57,143.24,25.42,74,48,2.71,1524279094
Eyrarbakki,IS,3413604,63.86,-21.15,42.8,87,75,5.82,1524276000
Fairbanks,US,5861897,64.84,-147.72,24.8,73,90,8.05,1524277740
Kenai,US,5866063,60.55,-151.26,46.4,75,90,18.34,1524275760
Borogontsy,RU,2026160,62.67,131.17,32.62,44,32,11.16,1524279095
Povenets,RU,505820,62.85,34.83,31.99,96,92,7.81,1524279095
Kleive,NO,3145495,62.8,7.64,44.6,87,92,20.8,1524277200
Aanekoski,FI,662095,62.6,25.73,37.4,100,90,4.7,1524277200
Noyabrsk,RU,1496503,63.2,75.45,13.0,88,0,9.31,1524279096
Wasilla,US,5877641,61.58,-149.44,44.6,93,90,4.7,1524278220
Khandyga,RU,2022773,62.65,135.58,35.05,49,56,8.86,1524279096
Porosozero,RU,506232,62.72,32.71,32.17,100,92,3.33,1524279096
Nuuk,GL,3421319,64.17,-51.74,28.4,92,88,8.05,1524275400
Muyezerskiy,RU,524100,63.93,31.65,30.82,98,92,6.62,1524279097
Pindushi,RU,509487,62.92,34.58,31.99,96,92,7.81,1524279097
Almaznyy,RU,582447,48.03,40.04,41.35,85,0,9.42,1524279097
Maloy,NO,3146487,61.94,5.11,44.6,93,92,20.8,1524277200
Nadym,RU,1498087,65.53,72.51,10.03,94,64,10.04,1524279098
Novoagansk,RU,1497210,61.94,76.66,18.85,77,44,7.58,1524279098
Tarko-Sale,RU,1490085,64.92,77.78,13.0,94,80,6.24,1524279098
Mayo,CA,6068416,63.59,-135.9,48.2,26,75,6.93,1524276000
Blagoyevo,RU,576093,63.37,47.92,22.72,81,44,3.0,1524279098
Koslan,RU,544084,63.46,48.9,22.09,83,76,2.89,1524279099
Raudeberg,NO,3146487,61.99,5.14,44.6,93,92,20.8,1524277200
Chernyshevskiy,RU,2025456,63.01,112.47,30.91,71,20,6.02,1524279099
Tura,RU,2014833,64.27,100.22,31.81,77,88,6.51,1524279099
Klaksvik,FO,2618795,62.23,-6.59,42.8,93,64,1.12,1524277200
Aksarka,RU,1512019,66.56,67.8,10.21,87,36,8.52,1524279160
Ust-Tsilma,RU,477940,65.44,52.15,17.41,78,48,3.89,1524279160
Turukhansk,RU,1488903,65.8,87.96,19.75,95,88,10.83,1524279160
Myaundzha,RU,2123100,63.05,147.18,25.69,74,56,3.78,1524279160
Qaqortoq,GL,3420846,60.72,-46.03,39.2,96,88,2.24,1524275400
College,US,5859699,64.86,-147.8,24.8,73,90,8.05,1524277740
Egvekinot,RU,4031742,66.32,-179.17,24.79,83,0,4.79,1524279161
Pechora,RU,511794,65.12,57.16,15.61,79,76,4.72,1524279161
Leshukonskoye,RU,535839,64.9,45.76,22.45,83,36,3.22,1524279162
Aykhal,RU,2027296,65.95,111.51,23.53,82,12,6.24,1524279162
Borgarnes,IS,3418076,64.54,-21.92,42.8,87,75,5.82,1524276000
Kalevala,RU,554318,65.2,31.17,27.49,84,92,7.58,1524279162
Ostersund,SE,2685750,63.18,14.64,39.2,80,24,10.29,1524277200
Zyryanka,RU,2119283,65.73,150.89,36.49,65,8,3.6,1524279163
Sangar,RU,2017215,63.92,127.47,29.65,49,24,6.73,1524279163
Staryy Nadym,RU,1490918,65.61,72.68,10.03,94,64,10.04,1524279163
Barrow,US,4252975,39.51,-90.4,51.8,45,1,5.82,1524278100
Yar-Sale,RU,1486321,66.83,70.83,11.56,94,64,10.6,1524279163
Trofors,NO,3133983,65.54,13.39,41.0,100,92,17.22,1524277200
Bronnoysund,NO,3159954,65.46,12.2,41.0,100,92,17.22,1524277200
Synya,RU,485215,65.37,58.04,14.44,83,68,3.89,1524279164
Srednekolymsk,RU,2121025,67.46,153.71,37.75,66,0,3.11,1524279164
Boden,SE,606531,65.83,21.69,33.8,100,92,3.36,1524277200
Nyurba,RU,2018735,63.29,118.35,32.8,44,80,7.85,1524279164
Verkhnevilyuysk,RU,2013639,63.45,120.31,31.9,61,44,8.03,1524279165
Komsomolskiy,RU,1486910,67.55,63.78,13.63,85,64,9.6,1524279165
Batagay,RU,2027044,67.65,134.64,37.48,71,0,5.23,1524279165
Batagay-Alyta,RU,2027042,67.8,130.41,26.05,84,92,5.28,1524279165
Inuvik,CA,5983607,68.36,-133.71,-2.21,58,20,5.82,1524276000
Zhigansk,RU,2012530,66.77,123.37,30.37,66,64,5.5,1524279166
Verkhnyaya Inta,RU,1487332,65.99,60.32,14.44,71,88,5.35,1524279166
Cherskiy,RU,2126199,68.75,161.3,29.11,78,8,2.71,1524279166
Kiruna,SE,605155,67.86,20.23,32.0,96,92,3.36,1524277200
Qasigiannguit,GL,3420768,68.82,-51.19,19.4,85,44,6.93,1524275400
Novyy Urengoy,RU,1496511,66.08,76.63,6.25,79,36,3.78,1524279167
Sorland,NO,3137469,67.67,12.69,42.25,95,88,9.93,1524279167
Labytnangi,RU,1500933,66.66,66.39,7.24,84,20,10.09,1524279167
Lavrentiya,RU,4031637,65.58,-170.99,21.19,100,0,29.28,1524279167
Clyde River,CA,5924351,70.47,-68.59,8.6,78,1,3.36,1524276000
Bilibino,RU,2126682,68.06,166.44,37.75,67,8,3.11,1524279168
Mezen,RU,527321,65.85,44.24,15.16,81,0,2.55,1524279168
Deputatskiy,RU,2028164,69.3,139.9,23.35,90,44,7.36,1524279169
Udachnyy,RU,2014624,66.42,112.4,24.79,69,44,4.23,1524279169
Verkhoyansk,RU,2013465,67.55,133.39,34.15,80,56,5.06,1524279169
Rovaniemi,FI,638936,66.5,25.72,28.4,100,90,9.17,1524277200
Kharp,RU,1503726,66.82,65.8,6.16,80,12,10.42,1524279170
Igarka,RU,1505991,67.47,86.57,9.85,81,8,3.0,1524279170
Sistranda,NO,3139597,63.73,8.83,44.6,87,75,32.21,1524275400
Kovdor,RU,543508,67.56,30.47,23.8,73,76,5.84,1524279171
Belaya Gora,RU,2126785,68.54,146.19,29.83,100,0,8.25,1524279171
Kangaatsiaq,GL,3422683,68.31,-53.46,23.8,98,80,7.29,1524279231
Karasjok,NO,779350,69.47,25.52,28.4,79,92,11.41,1524277200
Naryan-Mar,RU,523392,67.67,53.09,13.54,87,64,3.49,1524279232
Kayerkan,RU,1497337,69.35,87.76,16.15,100,64,10.87,1524279232
Ostrovnoy,RU,556268,68.05,39.51,5.62,73,0,1.21,1524279232
Inta,RU,1505579,66.04,60.13,14.44,77,80,4.56,1524279232
Svolvaer,NO,3135020,68.23,14.57,40.0,97,92,12.06,1524279229
Vestmanna,FO,2610343,62.16,-7.17,42.8,93,76,1.12,1524277200
Talnakh,RU,1490256,69.49,88.39,16.15,100,68,8.86,1524279233
Aklavik,CA,5882953,68.22,-135.01,-2.21,58,20,5.82,1524276000
Leningradskiy,RU,2123814,69.38,178.42,18.4,95,8,17.43,1524279233
Tazovskiy,RU,1489853,67.47,78.7,3.01,83,48,3.83,1524279234
Upernavik,GL,3418910,72.79,-56.15,13.72,99,8,12.1,1524279234
Dudinka,RU,1507116,69.41,86.18,13.81,96,20,7.58,1524279071
Usinsk,RU,863061,66.0,57.56,13.72,91,76,5.35,1524279234
Husavik,IS,2629833,66.04,-17.34,39.2,93,90,4.7,1524276000
Lakselv,NO,779082,70.05,24.96,30.2,79,48,11.41,1524277200
Ust-Kuyga,RU,2013921,70.0,135.55,24.52,96,80,4.27,1524279235
Saskylakh,RU,2017155,71.97,114.09,14.89,98,32,4.72,1524279235
Tuktoyaktuk,CA,6170031,69.44,-133.03,-5.81,83,5,10.29,1524276000
Mehamn,NO,778707,71.03,27.85,23.35,90,0,11.43,1524279235
Kjollefjord,NO,779261,70.95,27.35,23.35,90,0,11.43,1524279236
Skjervoy,NO,777682,70.03,20.97,34.42,100,80,9.93,1524279236
Gravdal,NO,3147822,59.79,5.78,44.6,93,92,16.11,1524277200
Chokurdakh,RU,2126123,70.62,147.9,17.41,100,12,6.4,1524279236
Roald,NO,3141667,62.58,6.12,44.6,100,92,24.16,1524277200
Tiksi,RU,2015306,71.64,128.87,27.04,97,80,4.34,1524279237
Dikson,RU,1507390,73.51,80.55,9.94,100,20,22.24,1524279237
Polyarnyy,RU,506763,69.2,33.45,8.6,84,0,2.24,1524276000
Batsfjord,NO,780717,70.63,29.72,30.55,100,44,14.18,1524279237
Havoysund,NO,779622,71.0,24.66,30.2,80,75,13.87,1524275400
Andenes,NO,3163146,69.31,16.12,37.4,93,76,4.7,1524277200
Vardo,NO,777019,70.37,31.11,30.64,100,64,13.29,1524279217
Khatanga,RU,2022572,71.98,102.47,14.62,83,0,12.84,1524279238
Ilulissat,GL,3423146,69.22,-51.1,19.4,85,44,6.93,1524275400
Qaanaaq,GL,3831208,77.48,-69.36,3.82,79,24,4.61,1524279239
Pevek,RU,2122090,69.7,170.27,27.94,98,36,5.91,1524279239
Tromso,NO,3133895,69.65,18.96,35.6,100,75,2.1,1524275400
Honningsvag,NO,779554,70.98,25.97,27.04,100,8,15.57,1524279224
Hammerfest,NO,779683,70.66,23.68,30.2,80,75,13.87,1524275400
Narsaq,GL,3421719,60.91,-46.05,39.2,80,88,2.24,1524275400
Longyearbyen,SJ,2729907,78.22,15.64,21.2,85,75,6.93,1524275400
Berlevag,NO,780687,70.86,29.09,21.46,100,12,9.37,1524279241
